file,line,type,commit,author,date,time,timezone,datetime,depth,length
style.css,1,css,6aaa42f3,Nicholas Chan,2026-04-10,09:16:35,-07:00,2026-04-10T09:16:35-07:00,0,4
style.css,2,css,6aaa42f3,Nicholas Chan,2026-04-10,09:16:35,-07:00,2026-04-10T09:16:35-07:00,1,44
style.css,3,css,6aaa42f3,Nicholas Chan,2026-04-10,09:16:35,-07:00,2026-04-10T09:16:35-07:00,1,32
style.css,4,css,04f49bc7,Nicholas Chan,2026-04-17,10:12:15,-07:00,2026-04-17T10:12:15-07:00,1,23
style.css,5,css,6aaa42f3,Nicholas Chan,2026-04-10,09:16:35,-07:00,2026-04-10T09:16:35-07:00,0,0
style.css,6,css,6aaa42f3,Nicholas Chan,2026-04-10,09:16:35,-07:00,2026-04-10T09:16:35-07:00,0,0
style.css,7,css,2fe35b7b,Nicholas Chan,2026-04-02,11:02:30,-07:00,2026-04-02T11:02:30-07:00,0,4
style.css,8,css,2fe35b7b,Nicholas Chan,2026-04-02,11:02:30,-07:00,2026-04-02T11:02:30-07:00,1,23
style.css,9,css,6aaa42f3,Nicholas Chan,2026-04-10,09:16:35,-07:00,2026-04-10T09:16:35-07:00,1,15
style.css,10,css,6aaa42f3,Nicholas Chan,2026-04-10,09:16:35,-07:00,2026-04-10T09:16:35-07:00,1,13
style.css,11,css,6aaa42f3,Nicholas Chan,2026-04-10,09:16:35,-07:00,2026-04-10T09:16:35-07:00,1,10
style.css,12,css,6aaa42f3,Nicholas Chan,2026-04-10,09:16:35,-07:00,2026-04-10T09:16:35-07:00,1,18
style.css,13,css,6aaa42f3,Nicholas Chan,2026-04-10,09:16:35,-07:00,2026-04-10T09:16:35-07:00,1,12
style.css,14,css,4fcc1b83,Nicholas Chan,2026-04-03,10:29:28,-07:00,2026-04-03T10:29:28-07:00,0,0
style.css,15,css,4fcc1b83,Nicholas Chan,2026-04-03,10:29:28,-07:00,2026-04-03T10:29:28-07:00,0,0
style.css,16,css,4fcc1b83,Nicholas Chan,2026-04-03,10:29:28,-07:00,2026-04-03T10:29:28-07:00,0,3
style.css,17,css,4fcc1b83,Nicholas Chan,2026-04-03,10:29:28,-07:00,2026-04-03T10:29:28-07:00,1,14
style.css,18,css,4fcc1b83,Nicholas Chan,2026-04-03,10:29:28,-07:00,2026-04-03T10:29:28-07:00,1,11
style.css,19,css,4fcc1b83,Nicholas Chan,2026-04-03,10:29:28,-07:00,2026-04-03T10:29:28-07:00,1,13
style.css,20,css,4fcc1b83,Nicholas Chan,2026-04-03,10:29:28,-07:00,2026-04-03T10:29:28-07:00,0,0
style.css,21,css,6aaa42f3,Nicholas Chan,2026-04-10,09:16:35,-07:00,2026-04-10T09:16:35-07:00,0,0
style.css,22,css,6aaa42f3,Nicholas Chan,2026-04-10,09:16:35,-07:00,2026-04-10T09:16:35-07:00,0,3
style.css,23,css,6aaa42f3,Nicholas Chan,2026-04-10,09:16:35,-07:00,2026-04-10T09:16:35-07:00,1,12
style.css,24,css,6aaa42f3,Nicholas Chan,2026-04-10,09:16:35,-07:00,2026-04-10T09:16:35-07:00,1,17
style.css,25,css,26379f09,Nicholas Chan,2026-04-17,12:12:23,-07:00,2026-04-17T12:12:23-07:00,0,37
style.css,26,css,5744c91d,Nicholas Chan,2026-04-17,09:42:00,-07:00,2026-04-17T09:42:00-07:00,1,43
style.css,27,css,6aaa42f3,Nicholas Chan,2026-04-10,09:16:35,-07:00,2026-04-10T09:16:35-07:00,0,0
style.css,28,css,6aaa42f3,Nicholas Chan,2026-04-10,09:16:35,-07:00,2026-04-10T09:16:35-07:00,0,0
style.css,29,css,6aaa42f3,Nicholas Chan,2026-04-10,09:16:35,-07:00,2026-04-10T09:16:35-07:00,0,5
style.css,30,css,87126e5a,Nicholas Chan,2026-04-17,12:06:02,-07:00,2026-04-17T12:06:02-07:00,1,6
style.css,31,css,6aaa42f3,Nicholas Chan,2026-04-10,09:16:35,-07:00,2026-04-10T09:16:35-07:00,1,20
style.css,32,css,6aaa42f3,Nicholas Chan,2026-04-10,09:16:35,-07:00,2026-04-10T09:16:35-07:00,1,13
style.css,33,css,6aaa42f3,Nicholas Chan,2026-04-10,09:16:35,-07:00,2026-04-10T09:16:35-07:00,1,17
style.css,34,css,534200d6,Nicholas Chan,2026-04-17,12:13:41,-07:00,2026-04-17T12:13:41-07:00,1,13
style.css,35,css,6aaa42f3,Nicholas Chan,2026-04-10,09:16:35,-07:00,2026-04-10T09:16:35-07:00,0,0
style.css,36,css,6aaa42f3,Nicholas Chan,2026-04-10,09:16:35,-07:00,2026-04-10T09:16:35-07:00,0,0
style.css,37,css,719c6c92,Nicholas Chan,2026-04-10,09:49:50,-07:00,2026-04-10T09:49:50-07:00,0,11
style.css,38,css,28b4efb9,Nicholas Chan,2026-04-17,09:55:00,-07:00,2026-04-17T09:55:00-07:00,1,69
style.css,39,css,bf153eec,Nicholas Chan,2026-04-17,11:44:36,-07:00,2026-04-17T11:44:36-07:00,1,45
style.css,40,css,6aaa42f3,Nicholas Chan,2026-04-10,09:16:35,-07:00,2026-04-10T09:16:35-07:00,0,0
style.css,41,css,6aaa42f3,Nicholas Chan,2026-04-10,09:16:35,-07:00,2026-04-10T09:16:35-07:00,0,0
style.css,42,css,6aaa42f3,Nicholas Chan,2026-04-10,09:16:35,-07:00,2026-04-10T09:16:35-07:00,0,13
style.css,43,css,9f982d1b,Nicholas Chan,2026-04-17,12:01:29,-07:00,2026-04-17T12:01:29-07:00,1,45
style.css,44,css,6aaa42f3,Nicholas Chan,2026-04-10,09:16:35,-07:00,2026-04-10T09:16:35-07:00,1,16
style.css,45,css,6aaa42f3,Nicholas Chan,2026-04-10,09:16:35,-07:00,2026-04-10T09:16:35-07:00,0,0
style.css,46,css,6aaa42f3,Nicholas Chan,2026-04-10,09:16:35,-07:00,2026-04-10T09:16:35-07:00,0,0
style.css,47,css,6aaa42f3,Nicholas Chan,2026-04-10,09:16:35,-07:00,2026-04-10T09:16:35-07:00,0,2
style.css,48,css,6aaa42f3,Nicholas Chan,2026-04-10,09:16:35,-07:00,2026-04-10T09:16:35-07:00,1,16
style.css,49,css,6aaa42f3,Nicholas Chan,2026-04-10,09:16:35,-07:00,2026-04-10T09:16:35-07:00,0,0
style.css,50,css,6aaa42f3,Nicholas Chan,2026-04-10,09:16:35,-07:00,2026-04-10T09:16:35-07:00,0,0
style.css,51,css,6aaa42f3,Nicholas Chan,2026-04-10,09:16:35,-07:00,2026-04-10T09:16:35-07:00,0,2
style.css,52,css,6aaa42f3,Nicholas Chan,2026-04-10,09:16:35,-07:00,2026-04-10T09:16:35-07:00,1,16
style.css,53,css,6aaa42f3,Nicholas Chan,2026-04-10,09:16:35,-07:00,2026-04-10T09:16:35-07:00,0,0
style.css,54,css,719c6c92,Nicholas Chan,2026-04-10,09:49:50,-07:00,2026-04-10T09:49:50-07:00,0,0
style.css,55,css,719c6c92,Nicholas Chan,2026-04-10,09:49:50,-07:00,2026-04-10T09:49:50-07:00,0,4
style.css,56,css,719c6c92,Nicholas Chan,2026-04-10,09:49:50,-07:00,2026-04-10T09:49:50-07:00,1,12
style.css,57,css,719c6c92,Nicholas Chan,2026-04-10,09:49:50,-07:00,2026-04-10T09:49:50-07:00,1,30
style.css,58,css,719c6c92,Nicholas Chan,2026-04-10,09:49:50,-07:00,2026-04-10T09:49:50-07:00,1,7
style.css,59,css,719c6c92,Nicholas Chan,2026-04-10,09:49:50,-07:00,2026-04-10T09:49:50-07:00,0,0
style.css,60,css,719c6c92,Nicholas Chan,2026-04-10,09:49:50,-07:00,2026-04-10T09:49:50-07:00,0,0
style.css,61,css,fc02199c,Nicholas Chan,2026-04-10,09:59:20,-07:00,2026-04-10T09:59:20-07:00,0,5
style.css,62,css,719c6c92,Nicholas Chan,2026-04-10,09:49:50,-07:00,2026-04-10T09:49:50-07:00,1,12
style.css,63,css,719c6c92,Nicholas Chan,2026-04-10,09:49:50,-07:00,2026-04-10T09:49:50-07:00,1,29
style.css,64,css,719c6c92,Nicholas Chan,2026-04-10,09:49:50,-07:00,2026-04-10T09:49:50-07:00,1,18
style.css,65,css,719c6c92,Nicholas Chan,2026-04-10,09:49:50,-07:00,2026-04-10T09:49:50-07:00,1,12
style.css,66,css,719c6c92,Nicholas Chan,2026-04-10,09:49:50,-07:00,2026-04-10T09:49:50-07:00,0,0
style.css,67,css,719c6c92,Nicholas Chan,2026-04-10,09:49:50,-07:00,2026-04-10T09:49:50-07:00,0,0
style.css,68,css,fc02199c,Nicholas Chan,2026-04-10,09:59:20,-07:00,2026-04-10T09:59:20-07:00,0,6
style.css,69,css,719c6c92,Nicholas Chan,2026-04-10,09:49:50,-07:00,2026-04-10T09:49:50-07:00,1,18
style.css,70,css,719c6c92,Nicholas Chan,2026-04-10,09:49:50,-07:00,2026-04-10T09:49:50-07:00,1,12
style.css,71,css,719c6c92,Nicholas Chan,2026-04-10,09:49:50,-07:00,2026-04-10T09:49:50-07:00,0,0
style.css,72,css,719c6c92,Nicholas Chan,2026-04-10,09:49:50,-07:00,2026-04-10T09:49:50-07:00,0,0
style.css,73,css,fc02199c,Nicholas Chan,2026-04-10,09:59:20,-07:00,2026-04-10T09:59:20-07:00,0,9
style.css,74,css,fc02199c,Nicholas Chan,2026-04-10,09:59:20,-07:00,2026-04-10T09:59:20-07:00,1,12
style.css,75,css,fc02199c,Nicholas Chan,2026-04-10,09:59:20,-07:00,2026-04-10T09:59:20-07:00,1,58
style.css,76,css,fc02199c,Nicholas Chan,2026-04-10,09:59:20,-07:00,2026-04-10T09:59:20-07:00,1,7
style.css,77,css,fc02199c,Nicholas Chan,2026-04-10,09:59:20,-07:00,2026-04-10T09:59:20-07:00,0,0
style.css,78,css,719c6c92,Nicholas Chan,2026-04-10,09:49:50,-07:00,2026-04-10T09:49:50-07:00,0,0
style.css,79,css,fc02199c,Nicholas Chan,2026-04-10,09:59:20,-07:00,2026-04-10T09:59:20-07:00,0,7
style.css,80,css,fc02199c,Nicholas Chan,2026-04-10,09:59:20,-07:00,2026-04-10T09:59:20-07:00,1,12
style.css,81,css,fc02199c,Nicholas Chan,2026-04-10,09:59:20,-07:00,2026-04-10T09:59:20-07:00,1,26
style.css,82,css,fc02199c,Nicholas Chan,2026-04-10,09:59:20,-07:00,2026-04-10T09:59:20-07:00,1,15
style.css,83,css,fc02199c,Nicholas Chan,2026-04-10,09:59:20,-07:00,2026-04-10T09:59:20-07:00,1,7
style.css,84,css,fc02199c,Nicholas Chan,2026-04-10,09:59:20,-07:00,2026-04-10T09:59:20-07:00,0,0
style.css,85,css,719c6c92,Nicholas Chan,2026-04-10,09:49:50,-07:00,2026-04-10T09:49:50-07:00,0,0
style.css,86,css,14a46754,Nicholas Chan,2026-04-10,10:09:41,-07:00,2026-04-10T10:09:41-07:00,0,2
style.css,87,css,fc02199c,Nicholas Chan,2026-04-10,09:59:20,-07:00,2026-04-10T09:59:20-07:00,1,14
style.css,88,css,14a46754,Nicholas Chan,2026-04-10,10:09:41,-07:00,2026-04-10T10:09:41-07:00,1,19
style.css,89,css,fc02199c,Nicholas Chan,2026-04-10,09:59:20,-07:00,2026-04-10T09:59:20-07:00,0,0
style.css,90,css,fc02199c,Nicholas Chan,2026-04-10,09:59:20,-07:00,2026-04-10T09:59:20-07:00,0,0
style.css,91,css,14a46754,Nicholas Chan,2026-04-10,10:09:41,-07:00,2026-04-10T10:09:41-07:00,0,0
style.css,92,css,fc02199c,Nicholas Chan,2026-04-10,09:59:20,-07:00,2026-04-10T09:59:20-07:00,0,2
style.css,93,css,fc02199c,Nicholas Chan,2026-04-10,09:59:20,-07:00,2026-04-10T09:59:20-07:00,1,8
style.css,94,css,fc02199c,Nicholas Chan,2026-04-10,09:59:20,-07:00,2026-04-10T09:59:20-07:00,1,16
style.css,95,css,fc02199c,Nicholas Chan,2026-04-10,09:59:20,-07:00,2026-04-10T09:59:20-07:00,0,0
style.css,96,css,fc02199c,Nicholas Chan,2026-04-10,09:59:20,-07:00,2026-04-10T09:59:20-07:00,0,0
style.css,97,css,14a46754,Nicholas Chan,2026-04-10,10:09:41,-07:00,2026-04-10T10:09:41-07:00,0,2
style.css,98,css,14a46754,Nicholas Chan,2026-04-10,10:09:41,-07:00,2026-04-10T10:09:41-07:00,1,14
style.css,99,css,14a46754,Nicholas Chan,2026-04-10,10:09:41,-07:00,2026-04-10T10:09:41-07:00,0,0
style.css,100,css,14a46754,Nicholas Chan,2026-04-10,10:09:41,-07:00,2026-04-10T10:09:41-07:00,0,0
style.css,101,css,fc02199c,Nicholas Chan,2026-04-10,09:59:20,-07:00,2026-04-10T09:59:20-07:00,0,1
style.css,102,css,fc02199c,Nicholas Chan,2026-04-10,09:59:20,-07:00,2026-04-10T09:59:20-07:00,0,1
style.css,103,css,fc02199c,Nicholas Chan,2026-04-10,09:59:20,-07:00,2026-04-10T09:59:20-07:00,0,1
style.css,104,css,fc02199c,Nicholas Chan,2026-04-10,09:59:20,-07:00,2026-04-10T09:59:20-07:00,0,1
style.css,105,css,fc02199c,Nicholas Chan,2026-04-10,09:59:20,-07:00,2026-04-10T09:59:20-07:00,0,1
style.css,106,css,fc02199c,Nicholas Chan,2026-04-10,09:59:20,-07:00,2026-04-10T09:59:20-07:00,0,2
style.css,107,css,fc02199c,Nicholas Chan,2026-04-10,09:59:20,-07:00,2026-04-10T09:59:20-07:00,1,15
style.css,108,css,fc02199c,Nicholas Chan,2026-04-10,09:59:20,-07:00,2026-04-10T09:59:20-07:00,1,17
style.css,109,css,14a46754,Nicholas Chan,2026-04-10,10:09:41,-07:00,2026-04-10T10:09:41-07:00,1,18
style.css,110,css,14a46754,Nicholas Chan,2026-04-10,10:09:41,-07:00,2026-04-10T10:09:41-07:00,0,0
style.css,111,css,14a46754,Nicholas Chan,2026-04-10,10:09:41,-07:00,2026-04-10T10:09:41-07:00,0,0
style.css,112,css,14a46754,Nicholas Chan,2026-04-10,10:09:41,-07:00,2026-04-10T10:09:41-07:00,0,8
style.css,113,css,14a46754,Nicholas Chan,2026-04-10,10:09:41,-07:00,2026-04-10T10:09:41-07:00,1,14
style.css,114,css,14a46754,Nicholas Chan,2026-04-10,10:09:41,-07:00,2026-04-10T10:09:41-07:00,1,16
style.css,115,css,14a46754,Nicholas Chan,2026-04-10,10:09:41,-07:00,2026-04-10T10:09:41-07:00,0,0
style.css,116,css,14a46754,Nicholas Chan,2026-04-10,10:09:41,-07:00,2026-04-10T10:09:41-07:00,0,0
style.css,117,css,14a46754,Nicholas Chan,2026-04-10,10:09:41,-07:00,2026-04-10T10:09:41-07:00,0,4
style.css,118,css,14a46754,Nicholas Chan,2026-04-10,10:09:41,-07:00,2026-04-10T10:09:41-07:00,1,15
style.css,119,css,14a46754,Nicholas Chan,2026-04-10,10:09:41,-07:00,2026-04-10T10:09:41-07:00,1,13
style.css,120,css,14a46754,Nicholas Chan,2026-04-10,10:09:41,-07:00,2026-04-10T10:09:41-07:00,1,12
style.css,121,css,14a46754,Nicholas Chan,2026-04-10,10:09:41,-07:00,2026-04-10T10:09:41-07:00,0,0
style.css,122,css,14a46754,Nicholas Chan,2026-04-10,10:09:41,-07:00,2026-04-10T10:09:41-07:00,0,0
style.css,123,css,14a46754,Nicholas Chan,2026-04-10,10:09:41,-07:00,2026-04-10T10:09:41-07:00,0,7
style.css,124,css,14a46754,Nicholas Chan,2026-04-10,10:09:41,-07:00,2026-04-10T10:09:41-07:00,1,19
style.css,125,css,14a46754,Nicholas Chan,2026-04-10,10:09:41,-07:00,2026-04-10T10:09:41-07:00,0,0
style.css,126,css,14a46754,Nicholas Chan,2026-04-10,10:09:41,-07:00,2026-04-10T10:09:41-07:00,0,0
style.css,127,css,14a46754,Nicholas Chan,2026-04-10,10:09:41,-07:00,2026-04-10T10:09:41-07:00,0,11
style.css,128,css,14a46754,Nicholas Chan,2026-04-10,10:09:41,-07:00,2026-04-10T10:09:41-07:00,1,20
style.css,129,css,14a46754,Nicholas Chan,2026-04-10,10:09:41,-07:00,2026-04-10T10:09:41-07:00,0,0
style.css,130,css,14a46754,Nicholas Chan,2026-04-10,10:09:41,-07:00,2026-04-10T10:09:41-07:00,0,0
style.css,131,css,14a46754,Nicholas Chan,2026-04-10,10:09:41,-07:00,2026-04-10T10:09:41-07:00,0,17
style.css,132,css,14a46754,Nicholas Chan,2026-04-10,10:09:41,-07:00,2026-04-10T10:09:41-07:00,1,25
style.css,133,css,14a46754,Nicholas Chan,2026-04-10,10:09:41,-07:00,2026-04-10T10:09:41-07:00,0,0
style.css,134,css,14a46754,Nicholas Chan,2026-04-10,10:09:41,-07:00,2026-04-10T10:09:41-07:00,0,0
style.css,135,css,06efed83,Nicholas Chan,2026-04-10,10:16:57,-07:00,2026-04-10T10:16:57-07:00,0,9
style.css,136,css,06efed83,Nicholas Chan,2026-04-10,10:16:57,-07:00,2026-04-10T10:16:57-07:00,1,19
style.css,137,css,06efed83,Nicholas Chan,2026-04-10,10:16:57,-07:00,2026-04-10T10:16:57-07:00,1,19
style.css,138,css,06efed83,Nicholas Chan,2026-04-10,10:16:57,-07:00,2026-04-10T10:16:57-07:00,1,28
style.css,139,css,06efed83,Nicholas Chan,2026-04-10,10:16:57,-07:00,2026-04-10T10:16:57-07:00,0,0
style.css,140,css,06efed83,Nicholas Chan,2026-04-10,10:16:57,-07:00,2026-04-10T10:16:57-07:00,0,0
style.css,141,css,06efed83,Nicholas Chan,2026-04-10,10:16:57,-07:00,2026-04-10T10:16:57-07:00,0,0
style.css,142,css,06efed83,Nicholas Chan,2026-04-10,10:16:57,-07:00,2026-04-10T10:16:57-07:00,0,0
style.css,143,css,06efed83,Nicholas Chan,2026-04-10,10:16:57,-07:00,2026-04-10T10:16:57-07:00,0,9
style.css,144,css,06efed83,Nicholas Chan,2026-04-10,10:16:57,-07:00,2026-04-10T10:16:57-07:00,1,19
style.css,145,css,06efed83,Nicholas Chan,2026-04-10,10:16:57,-07:00,2026-04-10T10:16:57-07:00,1,19
style.css,146,css,06efed83,Nicholas Chan,2026-04-10,10:16:57,-07:00,2026-04-10T10:16:57-07:00,1,28
style.css,147,css,06efed83,Nicholas Chan,2026-04-10,10:16:57,-07:00,2026-04-10T10:16:57-07:00,0,0
style.css,148,css,06efed83,Nicholas Chan,2026-04-10,10:16:57,-07:00,2026-04-10T10:16:57-07:00,0,0
style.css,149,css,06efed83,Nicholas Chan,2026-04-10,10:16:57,-07:00,2026-04-10T10:16:57-07:00,0,0
style.css,150,css,14a46754,Nicholas Chan,2026-04-10,10:09:41,-07:00,2026-04-10T10:09:41-07:00,0,7
style.css,151,css,14a46754,Nicholas Chan,2026-04-10,10:09:41,-07:00,2026-04-10T10:09:41-07:00,1,19
style.css,152,css,14a46754,Nicholas Chan,2026-04-10,10:09:41,-07:00,2026-04-10T10:09:41-07:00,1,19
style.css,153,css,06efed83,Nicholas Chan,2026-04-10,10:16:57,-07:00,2026-04-10T10:16:57-07:00,1,28
style.css,154,css,fc02199c,Nicholas Chan,2026-04-10,09:59:20,-07:00,2026-04-10T09:59:20-07:00,0,0
style.css,155,css,14a46754,Nicholas Chan,2026-04-10,10:09:41,-07:00,2026-04-10T10:09:41-07:00,0,0
style.css,156,css,14a46754,Nicholas Chan,2026-04-10,10:09:41,-07:00,2026-04-10T10:09:41-07:00,0,0
style.css,157,css,14a46754,Nicholas Chan,2026-04-10,10:09:41,-07:00,2026-04-10T10:09:41-07:00,0,10
style.css,158,css,14a46754,Nicholas Chan,2026-04-10,10:09:41,-07:00,2026-04-10T10:09:41-07:00,1,16
style.css,159,css,14a46754,Nicholas Chan,2026-04-10,10:09:41,-07:00,2026-04-10T10:09:41-07:00,1,19
style.css,160,css,14a46754,Nicholas Chan,2026-04-10,10:09:41,-07:00,2026-04-10T10:09:41-07:00,0,0
style.css,161,css,14a46754,Nicholas Chan,2026-04-10,10:09:41,-07:00,2026-04-10T10:09:41-07:00,0,0
style.css,162,css,14a46754,Nicholas Chan,2026-04-10,10:09:41,-07:00,2026-04-10T10:09:41-07:00,0,18
style.css,163,css,14a46754,Nicholas Chan,2026-04-10,10:09:41,-07:00,2026-04-10T10:09:41-07:00,1,18
style.css,164,css,28b4efb9,Nicholas Chan,2026-04-17,09:55:00,-07:00,2026-04-17T09:55:00-07:00,0,0
style.css,165,css,28b4efb9,Nicholas Chan,2026-04-17,09:55:00,-07:00,2026-04-17T09:55:00-07:00,0,0
style.css,166,css,28b4efb9,Nicholas Chan,2026-04-17,09:55:00,-07:00,2026-04-17T09:55:00-07:00,0,17
style.css,167,css,28b4efb9,Nicholas Chan,2026-04-17,09:55:00,-07:00,2026-04-17T09:55:00-07:00,1,17
style.css,168,css,28b4efb9,Nicholas Chan,2026-04-17,09:55:00,-07:00,2026-04-17T09:55:00-07:00,1,8
style.css,169,css,28b4efb9,Nicholas Chan,2026-04-17,09:55:00,-07:00,2026-04-17T09:55:00-07:00,1,10
style.css,170,css,28b4efb9,Nicholas Chan,2026-04-17,09:55:00,-07:00,2026-04-17T09:55:00-07:00,1,13
style.css,171,css,28b4efb9,Nicholas Chan,2026-04-17,09:55:00,-07:00,2026-04-17T09:55:00-07:00,1,19
style.css,172,css,01e01f24,Nicholas Chan,2026-04-23,15:04:40,-07:00,2026-04-23T15:04:40-07:00,0,0
style.css,173,css,01e01f24,Nicholas Chan,2026-04-23,15:04:40,-07:00,2026-04-23T15:04:40-07:00,0,0
style.css,174,css,01e01f24,Nicholas Chan,2026-04-23,15:04:40,-07:00,2026-04-23T15:04:40-07:00,0,17
style.css,175,css,01e01f24,Nicholas Chan,2026-04-23,15:04:40,-07:00,2026-04-23T15:04:40-07:00,1,12
style.css,176,css,08f797a0,Nicholas Chan,2026-04-23,15:08:03,-07:00,2026-04-23T15:08:03-07:00,1,36
style.css,177,css,01e01f24,Nicholas Chan,2026-04-23,15:04:40,-07:00,2026-04-23T15:04:40-07:00,1,17
style.css,178,css,01e01f24,Nicholas Chan,2026-04-23,15:04:40,-07:00,2026-04-23T15:04:40-07:00,1,10
style.css,179,css,01e01f24,Nicholas Chan,2026-04-23,15:04:40,-07:00,2026-04-23T15:04:40-07:00,0,0
style.css,180,css,01e01f24,Nicholas Chan,2026-04-23,15:04:40,-07:00,2026-04-23T15:04:40-07:00,0,0
style.css,181,css,01e01f24,Nicholas Chan,2026-04-23,15:04:40,-07:00,2026-04-23T15:04:40-07:00,0,17
style.css,182,css,08f797a0,Nicholas Chan,2026-04-23,15:08:03,-07:00,2026-04-23T15:08:03-07:00,1,10
style.css,183,css,01e01f24,Nicholas Chan,2026-04-23,15:04:40,-07:00,2026-04-23T15:04:40-07:00,1,16
style.css,184,css,08f797a0,Nicholas Chan,2026-04-23,15:08:03,-07:00,2026-04-23T15:08:03-07:00,1,13
style.css,185,css,01e01f24,Nicholas Chan,2026-04-23,15:04:40,-07:00,2026-04-23T15:04:40-07:00,1,24
style.css,186,css,01e01f24,Nicholas Chan,2026-04-23,15:04:40,-07:00,2026-04-23T15:04:40-07:00,1,21
style.css,187,css,01e01f24,Nicholas Chan,2026-04-23,15:04:40,-07:00,2026-04-23T15:04:40-07:00,0,0
style.css,188,css,01e01f24,Nicholas Chan,2026-04-23,15:04:40,-07:00,2026-04-23T15:04:40-07:00,0,0
style.css,189,css,01e01f24,Nicholas Chan,2026-04-23,15:04:40,-07:00,2026-04-23T15:04:40-07:00,0,17
style.css,190,css,08f797a0,Nicholas Chan,2026-04-23,15:08:03,-07:00,2026-04-23T15:08:03-07:00,1,10
style.css,191,css,01e01f24,Nicholas Chan,2026-04-23,15:04:40,-07:00,2026-04-23T15:04:40-07:00,1,8
style.css,192,css,01e01f24,Nicholas Chan,2026-04-23,15:04:40,-07:00,2026-04-23T15:04:40-07:00,1,14
style.css,193,css,01e01f24,Nicholas Chan,2026-04-23,15:04:40,-07:00,2026-04-23T15:04:40-07:00,1,15
style.css,194,css,01e01f24,Nicholas Chan,2026-04-23,15:04:40,-07:00,2026-04-23T15:04:40-07:00,0,0
style.css,195,css,4285989d,Nicholas Chan,2026-04-29,14:20:18,-07:00,2026-04-29T14:20:18-07:00,0,0
style.css,196,css,4285989d,Nicholas Chan,2026-04-29,14:20:18,-07:00,2026-04-29T14:20:18-07:00,0,13
style.css,197,css,4285989d,Nicholas Chan,2026-04-29,14:20:18,-07:00,2026-04-29T14:20:18-07:00,1,16
style.css,198,css,4285989d,Nicholas Chan,2026-04-29,14:20:18,-07:00,2026-04-29T14:20:18-07:00,1,10
style.css,199,css,4285989d,Nicholas Chan,2026-04-29,14:20:18,-07:00,2026-04-29T14:20:18-07:00,1,17
style.css,200,css,4285989d,Nicholas Chan,2026-04-29,14:20:18,-07:00,2026-04-29T14:20:18-07:00,1,17
style.css,201,css,4285989d,Nicholas Chan,2026-04-29,14:20:18,-07:00,2026-04-29T14:20:18-07:00,0,0
style.css,202,css,4285989d,Nicholas Chan,2026-04-29,14:20:18,-07:00,2026-04-29T14:20:18-07:00,0,0
style.css,203,css,4285989d,Nicholas Chan,2026-04-29,14:20:18,-07:00,2026-04-29T14:20:18-07:00,0,18
style.css,204,css,4285989d,Nicholas Chan,2026-04-29,14:20:18,-07:00,2026-04-29T14:20:18-07:00,1,14
style.css,205,css,4285989d,Nicholas Chan,2026-04-29,14:20:18,-07:00,2026-04-29T14:20:18-07:00,1,16
style.css,206,css,4285989d,Nicholas Chan,2026-04-29,14:20:18,-07:00,2026-04-29T14:20:18-07:00,1,16
style.css,207,css,4285989d,Nicholas Chan,2026-04-29,14:20:18,-07:00,2026-04-29T14:20:18-07:00,0,0
style.css,208,css,03be229e,Nicholas Chan,2026-04-30,08:44:59,-07:00,2026-04-30T08:44:59-07:00,0,0
style.css,209,css,03be229e,Nicholas Chan,2026-04-30,08:44:59,-07:00,2026-04-30T08:44:59-07:00,0,7
style.css,210,css,03be229e,Nicholas Chan,2026-04-30,08:44:59,-07:00,2026-04-30T08:44:59-07:00,1,15
style.css,211,css,03be229e,Nicholas Chan,2026-04-30,08:44:59,-07:00,2026-04-30T08:44:59-07:00,1,12
style.css,212,css,03be229e,Nicholas Chan,2026-04-30,08:44:59,-07:00,2026-04-30T08:44:59-07:00,1,57
style.css,213,css,03be229e,Nicholas Chan,2026-04-30,08:44:59,-07:00,2026-04-30T08:44:59-07:00,1,7
style.css,214,css,03be229e,Nicholas Chan,2026-04-30,08:44:59,-07:00,2026-04-30T08:44:59-07:00,1,29
style.css,215,css,03be229e,Nicholas Chan,2026-04-30,08:44:59,-07:00,2026-04-30T08:44:59-07:00,1,11
style.css,216,css,03be229e,Nicholas Chan,2026-04-30,08:44:59,-07:00,2026-04-30T08:44:59-07:00,1,16
style.css,217,css,03be229e,Nicholas Chan,2026-04-30,08:44:59,-07:00,2026-04-30T08:44:59-07:00,0,0
style.css,218,css,03be229e,Nicholas Chan,2026-04-30,08:44:59,-07:00,2026-04-30T08:44:59-07:00,0,0
style.css,219,css,03be229e,Nicholas Chan,2026-04-30,08:44:59,-07:00,2026-04-30T08:44:59-07:00,0,12
style.css,220,css,03be229e,Nicholas Chan,2026-04-30,08:44:59,-07:00,2026-04-30T08:44:59-07:00,1,12
style.css,221,css,03be229e,Nicholas Chan,2026-04-30,08:44:59,-07:00,2026-04-30T08:44:59-07:00,1,18
style.css,222,css,03be229e,Nicholas Chan,2026-04-30,08:44:59,-07:00,2026-04-30T08:44:59-07:00,1,9
style.css,223,css,03be229e,Nicholas Chan,2026-04-30,08:44:59,-07:00,2026-04-30T08:44:59-07:00,0,0
style.css,224,css,03be229e,Nicholas Chan,2026-04-30,08:44:59,-07:00,2026-04-30T08:44:59-07:00,0,0
style.css,225,css,03be229e,Nicholas Chan,2026-04-30,08:44:59,-07:00,2026-04-30T08:44:59-07:00,0,7
style.css,226,css,03be229e,Nicholas Chan,2026-04-30,08:44:59,-07:00,2026-04-30T08:44:59-07:00,1,20
style.css,227,css,03be229e,Nicholas Chan,2026-04-30,08:44:59,-07:00,2026-04-30T08:44:59-07:00,1,9
style.css,228,css,03be229e,Nicholas Chan,2026-04-30,08:44:59,-07:00,2026-04-30T08:44:59-07:00,1,18
style.css,229,css,03be229e,Nicholas Chan,2026-04-30,08:44:59,-07:00,2026-04-30T08:44:59-07:00,1,29
style.css,230,css,03be229e,Nicholas Chan,2026-04-30,08:44:59,-07:00,2026-04-30T08:44:59-07:00,1,20
style.css,231,css,03be229e,Nicholas Chan,2026-04-30,08:44:59,-07:00,2026-04-30T08:44:59-07:00,1,17
style.css,232,css,03be229e,Nicholas Chan,2026-04-30,08:44:59,-07:00,2026-04-30T08:44:59-07:00,0,0
style.css,233,css,03be229e,Nicholas Chan,2026-04-30,08:44:59,-07:00,2026-04-30T08:44:59-07:00,0,0
style.css,234,css,03be229e,Nicholas Chan,2026-04-30,08:44:59,-07:00,2026-04-30T08:44:59-07:00,0,16
style.css,235,css,03be229e,Nicholas Chan,2026-04-30,08:44:59,-07:00,2026-04-30T08:44:59-07:00,1,12
style.css,236,css,03be229e,Nicholas Chan,2026-04-30,08:44:59,-07:00,2026-04-30T08:44:59-07:00,1,18
style.css,237,css,03be229e,Nicholas Chan,2026-04-30,08:44:59,-07:00,2026-04-30T08:44:59-07:00,1,7
style.css,238,css,03be229e,Nicholas Chan,2026-04-30,08:44:59,-07:00,2026-04-30T08:44:59-07:00,1,16
style.css,239,css,03be229e,Nicholas Chan,2026-04-30,08:44:59,-07:00,2026-04-30T08:44:59-07:00,0,0
style.css,240,css,03be229e,Nicholas Chan,2026-04-30,08:44:59,-07:00,2026-04-30T08:44:59-07:00,0,0
style.css,241,css,03be229e,Nicholas Chan,2026-04-30,08:44:59,-07:00,2026-04-30T08:44:59-07:00,0,7
style.css,242,css,03be229e,Nicholas Chan,2026-04-30,08:44:59,-07:00,2026-04-30T08:44:59-07:00,1,6
style.css,243,css,03be229e,Nicholas Chan,2026-04-30,08:44:59,-07:00,2026-04-30T08:44:59-07:00,0,0
style.css,244,css,03be229e,Nicholas Chan,2026-04-30,08:44:59,-07:00,2026-04-30T08:44:59-07:00,0,0
style.css,245,css,03be229e,Nicholas Chan,2026-04-30,08:44:59,-07:00,2026-04-30T08:44:59-07:00,0,17
style.css,246,css,03be229e,Nicholas Chan,2026-04-30,08:44:59,-07:00,2026-04-30T08:44:59-07:00,1,16
style.css,247,css,03be229e,Nicholas Chan,2026-04-30,08:44:59,-07:00,2026-04-30T08:44:59-07:00,2,11
style.css,248,css,03be229e,Nicholas Chan,2026-04-30,08:44:59,-07:00,2026-04-30T08:44:59-07:00,1,0
style.css,249,css,03be229e,Nicholas Chan,2026-04-30,08:44:59,-07:00,2026-04-30T08:44:59-07:00,0,0
style.css,250,css,03be229e,Nicholas Chan,2026-04-30,08:44:59,-07:00,2026-04-30T08:44:59-07:00,0,0
style.css,251,css,03be229e,Nicholas Chan,2026-04-30,08:44:59,-07:00,2026-04-30T08:44:59-07:00,0,4
style.css,252,css,03be229e,Nicholas Chan,2026-04-30,08:44:59,-07:00,2026-04-30T08:44:59-07:00,1,16
style.css,253,css,03be229e,Nicholas Chan,2026-04-30,08:44:59,-07:00,2026-04-30T08:44:59-07:00,0,0
style.css,254,css,03be229e,Nicholas Chan,2026-04-30,08:44:59,-07:00,2026-04-30T08:44:59-07:00,0,0
style.css,255,css,03be229e,Nicholas Chan,2026-04-30,08:44:59,-07:00,2026-04-30T08:44:59-07:00,0,9
style.css,256,css,03be229e,Nicholas Chan,2026-04-30,08:44:59,-07:00,2026-04-30T08:44:59-07:00,1,35
style.css,257,css,03be229e,Nicholas Chan,2026-04-30,08:44:59,-07:00,2026-04-30T08:44:59-07:00,0,0
style.css,258,css,03be229e,Nicholas Chan,2026-04-30,08:44:59,-07:00,2026-04-30T08:44:59-07:00,1,10
style.css,259,css,03be229e,Nicholas Chan,2026-04-30,08:44:59,-07:00,2026-04-30T08:44:59-07:00,2,17
style.css,260,css,03be229e,Nicholas Chan,2026-04-30,08:44:59,-07:00,2026-04-30T08:44:59-07:00,1,0
style.css,261,css,03be229e,Nicholas Chan,2026-04-30,08:44:59,-07:00,2026-04-30T08:44:59-07:00,0,0
style.css,262,css,03be229e,Nicholas Chan,2026-04-30,08:44:59,-07:00,2026-04-30T08:44:59-07:00,0,0
style.css,263,css,03be229e,Nicholas Chan,2026-04-30,08:44:59,-07:00,2026-04-30T08:44:59-07:00,0,0
style.css,264,css,03be229e,Nicholas Chan,2026-04-30,08:44:59,-07:00,2026-04-30T08:44:59-07:00,0,10
style.css,265,css,03be229e,Nicholas Chan,2026-04-30,08:44:59,-07:00,2026-04-30T08:44:59-07:00,1,13
style.css,266,css,03be229e,Nicholas Chan,2026-04-30,08:44:59,-07:00,2026-04-30T08:44:59-07:00,1,10
style.css,267,css,03be229e,Nicholas Chan,2026-04-30,08:44:59,-07:00,2026-04-30T08:44:59-07:00,1,14
style.css,268,css,03be229e,Nicholas Chan,2026-04-30,08:44:59,-07:00,2026-04-30T08:44:59-07:00,1,21
style.css,269,css,03be229e,Nicholas Chan,2026-04-30,08:44:59,-07:00,2026-04-30T08:44:59-07:00,0,0
style.css,270,css,03be229e,Nicholas Chan,2026-04-30,08:44:59,-07:00,2026-04-30T08:44:59-07:00,1,12
style.css,271,css,03be229e,Nicholas Chan,2026-04-30,08:44:59,-07:00,2026-04-30T08:44:59-07:00,1,17
style.css,272,css,03be229e,Nicholas Chan,2026-04-30,08:44:59,-07:00,2026-04-30T08:44:59-07:00,0,0
style.css,273,css,03be229e,Nicholas Chan,2026-04-30,08:44:59,-07:00,2026-04-30T08:44:59-07:00,1,20
style.css,274,css,03be229e,Nicholas Chan,2026-04-30,08:44:59,-07:00,2026-04-30T08:44:59-07:00,1,18
style.css,275,css,03be229e,Nicholas Chan,2026-04-30,08:44:59,-07:00,2026-04-30T08:44:59-07:00,0,0
style.css,276,css,03be229e,Nicholas Chan,2026-04-30,08:44:59,-07:00,2026-04-30T08:44:59-07:00,1,21
style.css,277,css,03be229e,Nicholas Chan,2026-04-30,08:44:59,-07:00,2026-04-30T08:44:59-07:00,1,19
style.css,278,css,03be229e,Nicholas Chan,2026-04-30,08:44:59,-07:00,2026-04-30T08:44:59-07:00,1,17
style.css,279,css,03be229e,Nicholas Chan,2026-04-30,08:44:59,-07:00,2026-04-30T08:44:59-07:00,1,16
style.css,280,css,03be229e,Nicholas Chan,2026-04-30,08:44:59,-07:00,2026-04-30T08:44:59-07:00,0,0
style.css,281,css,03be229e,Nicholas Chan,2026-04-30,08:44:59,-07:00,2026-04-30T08:44:59-07:00,0,0
style.css,282,css,03be229e,Nicholas Chan,2026-04-30,08:44:59,-07:00,2026-04-30T08:44:59-07:00,0,23
style.css,283,css,03be229e,Nicholas Chan,2026-04-30,08:44:59,-07:00,2026-04-30T08:44:59-07:00,1,49
style.css,284,css,03be229e,Nicholas Chan,2026-04-30,08:44:59,-07:00,2026-04-30T08:44:59-07:00,0,0
index.js,1,js,526918c3,Nicholas Chan,2026-04-23,14:58:16,-07:00,2026-04-23T14:58:16-07:00,0,71
index.js,2,js,e70ffa84,Nicholas Chan,2026-04-23,11:38:23,-07:00,2026-04-23T11:38:23-07:00,0,0
index.js,3,js,526918c3,Nicholas Chan,2026-04-23,14:58:16,-07:00,2026-04-23T14:58:16-07:00,0,31
index.js,4,js,526918c3,Nicholas Chan,2026-04-23,14:58:16,-07:00,2026-04-23T14:58:16-07:00,0,54
index.js,5,js,e70ffa84,Nicholas Chan,2026-04-23,11:38:23,-07:00,2026-04-23T11:38:23-07:00,0,42
index.js,6,js,e70ffa84,Nicholas Chan,2026-04-23,11:38:23,-07:00,2026-04-23T11:38:23-07:00,0,0
index.js,7,js,e70ffa84,Nicholas Chan,2026-04-23,11:38:23,-07:00,2026-04-23T11:38:23-07:00,0,60
index.js,8,js,e70ffa84,Nicholas Chan,2026-04-23,11:38:23,-07:00,2026-04-23T11:38:23-07:00,0,0
index.js,9,js,526918c3,Nicholas Chan,2026-04-23,14:58:16,-07:00,2026-04-23T14:58:16-07:00,0,22
index.js,10,js,526918c3,Nicholas Chan,2026-04-23,14:58:16,-07:00,2026-04-23T14:58:16-07:00,1,54
index.js,11,js,526918c3,Nicholas Chan,2026-04-23,14:58:16,-07:00,2026-04-23T14:58:16-07:00,0,0
index.js,12,js,7968cfeb,Nicholas Chan,2026-04-23,12:33:32,-07:00,2026-04-23T12:33:32-07:00,0,0
index.js,13,js,526918c3,Nicholas Chan,2026-04-23,14:58:16,-07:00,2026-04-23T14:58:16-07:00,0,25
index.js,14,js,7968cfeb,Nicholas Chan,2026-04-23,12:33:32,-07:00,2026-04-23T12:33:32-07:00,0,57
index.js,15,js,526918c3,Nicholas Chan,2026-04-23,14:58:16,-07:00,2026-04-23T14:58:16-07:00,0,0
index.js,16,js,495279a1,Nicholas Chan,2026-04-23,12:13:06,-07:00,2026-04-23T12:13:06-07:00,0,60
index.js,17,js,6dfd7f46,Nicholas Chan,2026-04-23,11:47:20,-07:00,2026-04-23T11:47:20-07:00,0,0
index.js,18,js,526918c3,Nicholas Chan,2026-04-23,14:58:16,-07:00,2026-04-23T14:58:16-07:00,0,31
index.js,19,js,6dfd7f46,Nicholas Chan,2026-04-23,11:47:20,-07:00,2026-04-23T11:47:20-07:00,1,24
index.js,20,js,7968cfeb,Nicholas Chan,2026-04-23,12:33:32,-07:00,2026-04-23T12:33:32-07:00,2,2
index.js,21,js,01e01f24,Nicholas Chan,2026-04-23,15:04:40,-07:00,2026-04-23T15:04:40-07:00,2,48
index.js,22,js,01e01f24,Nicholas Chan,2026-04-23,15:04:40,-07:00,2026-04-23T15:04:40-07:00,2,48
index.js,23,js,01e01f24,Nicholas Chan,2026-04-23,15:04:40,-07:00,2026-04-23T15:04:40-07:00,2,54
index.js,24,js,01e01f24,Nicholas Chan,2026-04-23,15:04:40,-07:00,2026-04-23T15:04:40-07:00,2,54
index.js,25,js,7968cfeb,Nicholas Chan,2026-04-23,12:33:32,-07:00,2026-04-23T12:33:32-07:00,2,3
index.js,26,js,7968cfeb,Nicholas Chan,2026-04-23,12:33:32,-07:00,2026-04-23T12:33:32-07:00,1,0
index.js,27,js,526918c3,Nicholas Chan,2026-04-23,14:58:16,-07:00,2026-04-23T14:58:16-07:00,0,0
index.html,1,html,8849bf5c,Nicholas Chan,2026-04-02,10:10:26,-07:00,2026-04-02T10:10:26-07:00,0,13
index.html,2,html,8849bf5c,Nicholas Chan,2026-04-02,10:10:26,-07:00,2026-04-02T10:10:26-07:00,0,14
index.html,3,html,6aaa42f3,Nicholas Chan,2026-04-10,09:16:35,-07:00,2026-04-10T09:16:35-07:00,0,0
index.html,4,html,8849bf5c,Nicholas Chan,2026-04-02,10:10:26,-07:00,2026-04-02T10:10:26-07:00,0,4
index.html,5,html,526918c3,Nicholas Chan,2026-04-23,14:58:16,-07:00,2026-04-23T14:58:16-07:00,1,22
index.html,6,html,526918c3,Nicholas Chan,2026-04-23,14:58:16,-07:00,2026-04-23T14:58:16-07:00,1,70
index.html,7,html,526918c3,Nicholas Chan,2026-04-23,14:58:16,-07:00,2026-04-23T14:58:16-07:00,1,17
index.html,8,html,526918c3,Nicholas Chan,2026-04-23,14:58:16,-07:00,2026-04-23T14:58:16-07:00,1,40
index.html,9,html,526918c3,Nicholas Chan,2026-04-23,14:58:16,-07:00,2026-04-23T14:58:16-07:00,1,45
index.html,10,html,526918c3,Nicholas Chan,2026-04-23,14:58:16,-07:00,2026-04-23T14:58:16-07:00,1,50
index.html,11,html,8849bf5c,Nicholas Chan,2026-04-02,10:10:26,-07:00,2026-04-02T10:10:26-07:00,0,5
index.html,12,html,6aaa42f3,Nicholas Chan,2026-04-10,09:16:35,-07:00,2026-04-10T09:16:35-07:00,0,0
index.html,13,html,8849bf5c,Nicholas Chan,2026-04-02,10:10:26,-07:00,2026-04-02T10:10:26-07:00,0,4
index.html,14,html,681a8732,Nicholas Chan,2026-04-17,10:50:41,-07:00,2026-04-17T10:50:41-07:00,0,0
index.html,15,html,64d78434,Nicholas Chan,2026-04-17,08:54:35,-07:00,2026-04-17T08:54:35-07:00,2,8
index.html,16,html,6aaa42f3,Nicholas Chan,2026-04-10,09:16:35,-07:00,2026-04-10T09:16:35-07:00,4,2
index.html,17,html,64d78434,Nicholas Chan,2026-04-17,08:54:35,-07:00,2026-04-17T08:54:35-07:00,6,47
index.html,18,html,6aaa42f3,Nicholas Chan,2026-04-10,09:16:35,-07:00,2026-04-10T09:16:35-07:00,6,60
index.html,19,html,6aaa42f3,Nicholas Chan,2026-04-10,09:16:35,-07:00,2026-04-10T09:16:35-07:00,6,59
index.html,20,html,6aaa42f3,Nicholas Chan,2026-04-10,09:16:35,-07:00,2026-04-10T09:16:35-07:00,6,56
index.html,21,html,6aaa42f3,Nicholas Chan,2026-04-10,09:16:35,-07:00,2026-04-10T09:16:35-07:00,6,77
index.html,22,html,6aaa42f3,Nicholas Chan,2026-04-10,09:16:35,-07:00,2026-04-10T09:16:35-07:00,4,3
index.html,23,html,64d78434,Nicholas Chan,2026-04-17,08:54:35,-07:00,2026-04-17T08:54:35-07:00,2,8
index.html,24,html,2c0ea345,Nicholas Chan,2026-04-02,10:37:14,-07:00,2026-04-02T10:37:14-07:00,2,20
index.html,25,html,1474be82,Nicholas Chan,2026-04-02,11:27:22,-07:00,2026-04-02T11:27:22-07:00,2,96
index.html,26,html,3b9dd322,Nicholas Chan,2026-04-03,15:06:43,-07:00,2026-04-03T15:06:43-07:00,2,56
index.html,27,html,c82e7174,Nicholas Chan,2026-04-23,11:59:30,-07:00,2026-04-23T11:59:30-07:00,0,0
index.html,28,html,01e01f24,Nicholas Chan,2026-04-23,15:04:40,-07:00,2026-04-23T15:04:40-07:00,2,22
index.html,29,html,08f797a0,Nicholas Chan,2026-04-23,15:08:03,-07:00,2026-04-23T15:08:03-07:00,2,22
index.html,30,html,08f797a0,Nicholas Chan,2026-04-23,15:08:03,-07:00,2026-04-23T15:08:03-07:00,4,2
index.html,31,html,08f797a0,Nicholas Chan,2026-04-23,15:08:03,-07:00,2026-04-23T15:08:03-07:00,6,30
index.html,32,html,08f797a0,Nicholas Chan,2026-04-23,15:08:03,-07:00,2026-04-23T15:08:03-07:00,6,27
index.html,33,html,08f797a0,Nicholas Chan,2026-04-23,15:08:03,-07:00,2026-04-23T15:08:03-07:00,6,30
index.html,34,html,08f797a0,Nicholas Chan,2026-04-23,15:08:03,-07:00,2026-04-23T15:08:03-07:00,6,31
index.html,35,html,08f797a0,Nicholas Chan,2026-04-23,15:08:03,-07:00,2026-04-23T15:08:03-07:00,4,3
index.html,36,html,08f797a0,Nicholas Chan,2026-04-23,15:08:03,-07:00,2026-04-23T15:08:03-07:00,2,4
index.html,37,html,526918c3,Nicholas Chan,2026-04-23,14:58:16,-07:00,2026-04-23T14:58:16-07:00,2,0
index.html,38,html,c82e7174,Nicholas Chan,2026-04-23,11:59:30,-07:00,2026-04-23T11:59:30-07:00,2,22
index.html,39,html,526918c3,Nicholas Chan,2026-04-23,14:58:16,-07:00,2026-04-23T14:58:16-07:00,2,26
index.html,40,html,8849bf5c,Nicholas Chan,2026-04-02,10:10:26,-07:00,2026-04-02T10:10:26-07:00,0,5
index.html,41,html,6aaa42f3,Nicholas Chan,2026-04-10,09:16:35,-07:00,2026-04-10T09:16:35-07:00,0,0
index.html,42,html,6aaa42f3,Nicholas Chan,2026-04-10,09:16:35,-07:00,2026-04-10T09:16:35-07:00,0,5
global.js,1,js,9aab93a1,Nicholas Chan,2026-04-17,08:35:04,-07:00,2026-04-17T08:35:04-07:00,0,25
global.js,2,js,9aab93a1,Nicholas Chan,2026-04-17,08:35:04,-07:00,2026-04-17T08:35:04-07:00,0,0
global.js,3,js,9aab93a1,Nicholas Chan,2026-04-17,08:35:04,-07:00,2026-04-17T08:35:04-07:00,0,41
global.js,4,js,9aab93a1,Nicholas Chan,2026-04-17,08:35:04,-07:00,2026-04-17T08:35:04-07:00,1,52
global.js,5,js,2236e1ce,Nicholas Chan,2026-04-17,08:57:19,-07:00,2026-04-17T08:57:19-07:00,0,0
global.js,6,js,64d78434,Nicholas Chan,2026-04-17,08:54:35,-07:00,2026-04-17T08:54:35-07:00,0,0
global.js,7,js,637ca3e5,Nicholas Chan,2026-04-17,09:12:19,-07:00,2026-04-17T09:12:19-07:00,0,15
global.js,8,js,637ca3e5,Nicholas Chan,2026-04-17,09:12:19,-07:00,2026-04-17T09:12:19-07:00,1,70
global.js,9,js,7754f861,Nicholas Chan,2026-04-17,10:02:00,-07:00,2026-04-17T10:02:00-07:00,2,3
global.js,10,js,7754f861,Nicholas Chan,2026-04-17,10:02:00,-07:00,2026-04-17T10:02:00-07:00,2,14
global.js,11,js,637ca3e5,Nicholas Chan,2026-04-17,09:12:19,-07:00,2026-04-17T09:12:19-07:00,0,0
global.js,12,js,637ca3e5,Nicholas Chan,2026-04-17,09:12:19,-07:00,2026-04-17T09:12:19-07:00,0,0
global.js,13,js,64d78434,Nicholas Chan,2026-04-17,08:54:35,-07:00,2026-04-17T08:54:35-07:00,0,11
global.js,14,js,dca8c18f,Nicholas Chan,2026-04-17,09:04:10,-07:00,2026-04-17T09:04:10-07:00,1,25
global.js,15,js,dca8c18f,Nicholas Chan,2026-04-17,09:04:10,-07:00,2026-04-17T09:04:10-07:00,1,38
global.js,16,js,f5de5649,Nicholas Chan,2026-04-17,09:16:36,-07:00,2026-04-17T09:16:36-07:00,1,37
global.js,17,js,37783548,Nicholas Chan,2026-04-17,09:19:51,-07:00,2026-04-17T09:19:51-07:00,1,34
global.js,18,js,00000000,Not Committed Yet,2026-05-08,09:15:57,-07:00,2026-05-08T09:15:57-07:00,1,30
global.js,19,js,9b93c15a,Nicholas Chan,2026-04-17,10:08:53,-07:00,2026-04-17T10:08:53-07:00,1,59
global.js,20,js,64d78434,Nicholas Chan,2026-04-17,08:54:35,-07:00,2026-04-17T08:54:35-07:00,0,0
global.js,21,js,64d78434,Nicholas Chan,2026-04-17,08:54:35,-07:00,2026-04-17T08:54:35-07:00,0,0
global.js,22,js,64d78434,Nicholas Chan,2026-04-17,08:54:35,-07:00,2026-04-17T08:54:35-07:00,0,38
global.js,23,js,64d78434,Nicholas Chan,2026-04-17,08:54:35,-07:00,2026-04-17T08:54:35-07:00,0,25
global.js,24,js,64d78434,Nicholas Chan,2026-04-17,08:54:35,-07:00,2026-04-17T08:54:35-07:00,0,0
global.js,25,js,64d78434,Nicholas Chan,2026-04-17,08:54:35,-07:00,2026-04-17T08:54:35-07:00,0,20
global.js,26,js,e5d64456,Nicholas Chan,2026-04-17,09:57:38,-07:00,2026-04-17T09:57:38-07:00,1,14
global.js,27,js,e5d64456,Nicholas Chan,2026-04-17,09:57:38,-07:00,2026-04-17T09:57:38-07:00,1,18
global.js,28,js,380131d9,Nicholas Chan,2026-04-17,09:29:10,-07:00,2026-04-17T09:29:10-07:00,0,0
global.js,29,js,e5d64456,Nicholas Chan,2026-04-17,09:57:38,-07:00,2026-04-17T09:57:38-07:00,1,28
global.js,30,js,e5d64456,Nicholas Chan,2026-04-17,09:57:38,-07:00,2026-04-17T09:57:38-07:00,2,20
global.js,31,js,e5d64456,Nicholas Chan,2026-04-17,09:57:38,-07:00,2026-04-17T09:57:38-07:00,1,0
global.js,32,js,637ca3e5,Nicholas Chan,2026-04-17,09:12:19,-07:00,2026-04-17T09:12:19-07:00,0,0
global.js,33,js,e5d64456,Nicholas Chan,2026-04-17,09:57:38,-07:00,2026-04-17T09:57:38-07:00,1,34
global.js,34,js,e5d64456,Nicholas Chan,2026-04-17,09:57:38,-07:00,2026-04-17T09:57:38-07:00,1,11
global.js,35,js,e5d64456,Nicholas Chan,2026-04-17,09:57:38,-07:00,2026-04-17T09:57:38-07:00,1,20
global.js,36,js,e5d64456,Nicholas Chan,2026-04-17,09:57:38,-07:00,2026-04-17T09:57:38-07:00,1,12
global.js,37,js,54e2bc60,Nicholas Chan,2026-04-17,09:22:26,-07:00,2026-04-17T09:22:26-07:00,0,0
global.js,38,js,54e2bc60,Nicholas Chan,2026-04-17,09:22:26,-07:00,2026-04-17T09:22:26-07:00,0,0
global.js,39,js,94567c1a,Nicholas Chan,2026-04-17,09:07:32,-07:00,2026-04-17T09:07:32-07:00,0,25
global.js,40,js,94567c1a,Nicholas Chan,2026-04-17,09:07:32,-07:00,2026-04-17T09:07:32-07:00,0,0
global.js,41,js,380131d9,Nicholas Chan,2026-04-17,09:29:10,-07:00,2026-04-17T09:29:10-07:00,0,0
global.js,42,js,94567c1a,Nicholas Chan,2026-04-17,09:07:32,-07:00,2026-04-17T09:07:32-07:00,0,30
global.js,43,js,67503c77,Nicholas Chan,2026-04-17,09:00:39,-07:00,2026-04-17T09:00:39-07:00,1,66
global.js,44,js,67503c77,Nicholas Chan,2026-04-17,09:00:39,-07:00,2026-04-17T09:00:39-07:00,0,0
global.js,45,js,67503c77,Nicholas Chan,2026-04-17,09:00:39,-07:00,2026-04-17T09:00:39-07:00,0,0
global.js,46,js,380131d9,Nicholas Chan,2026-04-17,09:29:10,-07:00,2026-04-17T09:29:10-07:00,0,0
global.js,47,js,67503c77,Nicholas Chan,2026-04-17,09:00:39,-07:00,2026-04-17T09:00:39-07:00,0,16
global.js,48,js,67503c77,Nicholas Chan,2026-04-17,09:00:39,-07:00,2026-04-17T09:00:39-07:00,1,34
global.js,49,js,67503c77,Nicholas Chan,2026-04-17,09:00:39,-07:00,2026-04-17T09:00:39-07:00,1,35
global.js,50,js,67503c77,Nicholas Chan,2026-04-17,09:00:39,-07:00,2026-04-17T09:00:39-07:00,0,0
global.js,51,js,67503c77,Nicholas Chan,2026-04-17,09:00:39,-07:00,2026-04-17T09:00:39-07:00,0,0
global.js,52,js,28b4efb9,Nicholas Chan,2026-04-17,09:55:00,-07:00,2026-04-17T09:55:00-07:00,0,31
global.js,53,js,28b4efb9,Nicholas Chan,2026-04-17,09:55:00,-07:00,2026-04-17T09:55:00-07:00,1,11
global.js,54,js,e5d64456,Nicholas Chan,2026-04-17,09:57:38,-07:00,2026-04-17T09:57:38-07:00,1,0
global.js,55,js,e5d64456,Nicholas Chan,2026-04-17,09:57:38,-07:00,2026-04-17T09:57:38-07:00,1,26
global.js,56,js,e5d64456,Nicholas Chan,2026-04-17,09:57:38,-07:00,2026-04-17T09:57:38-07:00,2,4
global.js,57,js,d75e2df2,Nicholas Chan,2026-04-17,10:22:42,-07:00,2026-04-17T10:22:42-07:00,2,31
global.js,58,js,b13a215b,Nicholas Chan,2026-04-17,10:30:33,-07:00,2026-04-17T10:30:33-07:00,3,43
global.js,59,js,e5d64456,Nicholas Chan,2026-04-17,09:57:38,-07:00,2026-04-17T09:57:38-07:00,3,34
global.js,60,js,e5d64456,Nicholas Chan,2026-04-17,09:57:38,-07:00,2026-04-17T09:57:38-07:00,3,32
global.js,61,js,e5d64456,Nicholas Chan,2026-04-17,09:57:38,-07:00,2026-04-17T09:57:38-07:00,2,7
global.js,62,js,e5d64456,Nicholas Chan,2026-04-17,09:57:38,-07:00,2026-04-17T09:57:38-07:00,1,6
global.js,63,js,e5d64456,Nicholas Chan,2026-04-17,09:57:38,-07:00,2026-04-17T09:57:38-07:00,1,0
global.js,64,js,28b4efb9,Nicholas Chan,2026-04-17,09:55:00,-07:00,2026-04-17T09:55:00-07:00,0,0
global.js,65,js,28b4efb9,Nicholas Chan,2026-04-17,09:55:00,-07:00,2026-04-17T09:55:00-07:00,0,0
global.js,66,js,9b7fa445,Nicholas Chan,2026-04-17,10:45:51,-07:00,2026-04-17T10:45:51-07:00,0,58
global.js,67,js,9b7fa445,Nicholas Chan,2026-04-17,10:45:51,-07:00,2026-04-17T10:45:51-07:00,0,0
global.js,68,js,d8ca4b9d,Nicholas Chan,2026-04-17,10:40:34,-07:00,2026-04-17T10:40:34-07:00,0,34
global.js,69,js,d8ca4b9d,Nicholas Chan,2026-04-17,10:40:34,-07:00,2026-04-17T10:40:34-07:00,1,37
global.js,70,js,d8ca4b9d,Nicholas Chan,2026-04-17,10:40:34,-07:00,2026-04-17T10:40:34-07:00,1,64
global.js,71,js,d8ca4b9d,Nicholas Chan,2026-04-17,10:40:34,-07:00,2026-04-17T10:40:34-07:00,1,19
global.js,72,js,d8ca4b9d,Nicholas Chan,2026-04-17,10:40:34,-07:00,2026-04-17T10:40:34-07:00,0,0
global.js,73,js,b13a215b,Nicholas Chan,2026-04-17,10:30:33,-07:00,2026-04-17T10:30:33-07:00,0,0
global.js,74,js,e5d64456,Nicholas Chan,2026-04-17,09:57:38,-07:00,2026-04-17T09:57:38-07:00,0,49
global.js,75,js,e5d64456,Nicholas Chan,2026-04-17,09:57:38,-07:00,2026-04-17T09:57:38-07:00,1,57
global.js,76,js,d8ca4b9d,Nicholas Chan,2026-04-17,10:40:34,-07:00,2026-04-17T10:40:34-07:00,1,44
global.js,77,js,b13a215b,Nicholas Chan,2026-04-17,10:30:33,-07:00,2026-04-17T10:30:33-07:00,1,77
global.js,78,js,28b4efb9,Nicholas Chan,2026-04-17,09:55:00,-07:00,2026-04-17T09:55:00-07:00,0,1
global.js,79,js,f9bbaf81,Nicholas Chan,2026-04-23,09:21:29,-07:00,2026-04-23T09:21:29-07:00,0,0
global.js,80,js,f9bbaf81,Nicholas Chan,2026-04-23,09:21:29,-07:00,2026-04-23T09:21:29-07:00,0,36
global.js,81,js,f9bbaf81,Nicholas Chan,2026-04-23,09:21:29,-07:00,2026-04-23T09:21:29-07:00,1,3
global.js,82,js,f9bbaf81,Nicholas Chan,2026-04-23,09:21:29,-07:00,2026-04-23T09:21:29-07:00,2,32
global.js,83,js,526918c3,Nicholas Chan,2026-04-23,14:58:16,-07:00,2026-04-23T14:58:16-07:00,0,0
global.js,84,js,f9bbaf81,Nicholas Chan,2026-04-23,09:21:29,-07:00,2026-04-23T09:21:29-07:00,2,17
global.js,85,js,526918c3,Nicholas Chan,2026-04-23,14:58:16,-07:00,2026-04-23T14:58:16-07:00,3,76
global.js,86,js,f9bbaf81,Nicholas Chan,2026-04-23,09:21:29,-07:00,2026-04-23T09:21:29-07:00,2,0
global.js,87,js,f9bbaf81,Nicholas Chan,2026-04-23,09:21:29,-07:00,2026-04-23T09:21:29-07:00,0,0
global.js,88,js,526918c3,Nicholas Chan,2026-04-23,14:58:16,-07:00,2026-04-23T14:58:16-07:00,2,27
global.js,89,js,f9bbaf81,Nicholas Chan,2026-04-23,09:21:29,-07:00,2026-04-23T09:21:29-07:00,1,15
global.js,90,js,f9bbaf81,Nicholas Chan,2026-04-23,09:21:29,-07:00,2026-04-23T09:21:29-07:00,2,59
global.js,91,js,f9bbaf81,Nicholas Chan,2026-04-23,09:21:29,-07:00,2026-04-23T09:21:29-07:00,1,0
global.js,92,js,db243fa6,Nicholas Chan,2026-04-23,11:03:03,-07:00,2026-04-23T11:03:03-07:00,0,0
global.js,93,js,db243fa6,Nicholas Chan,2026-04-23,11:03:03,-07:00,2026-04-23T11:03:03-07:00,0,0
global.js,94,js,db243fa6,Nicholas Chan,2026-04-23,11:03:03,-07:00,2026-04-23T11:03:03-07:00,0,79
global.js,95,js,526918c3,Nicholas Chan,2026-04-23,14:58:16,-07:00,2026-04-23T14:58:16-07:00,1,28
global.js,96,js,db243fa6,Nicholas Chan,2026-04-23,11:03:03,-07:00,2026-04-23T11:03:03-07:00,0,0
global.js,97,js,db243fa6,Nicholas Chan,2026-04-23,11:03:03,-07:00,2026-04-23T11:03:03-07:00,1,30
global.js,98,js,db243fa6,Nicholas Chan,2026-04-23,11:03:03,-07:00,2026-04-23T11:03:03-07:00,0,0
global.js,99,js,526918c3,Nicholas Chan,2026-04-23,14:58:16,-07:00,2026-04-23T14:58:16-07:00,1,29
global.js,100,js,db243fa6,Nicholas Chan,2026-04-23,11:03:03,-07:00,2026-04-23T11:03:03-07:00,2,48
global.js,101,js,db243fa6,Nicholas Chan,2026-04-23,11:03:03,-07:00,2026-04-23T11:03:03-07:00,0,0
global.js,102,js,db243fa6,Nicholas Chan,2026-04-23,11:03:03,-07:00,2026-04-23T11:03:03-07:00,2,19
global.js,103,js,526918c3,Nicholas Chan,2026-04-23,14:58:16,-07:00,2026-04-23T14:58:16-07:00,3,49
global.js,104,js,526918c3,Nicholas Chan,2026-04-23,14:58:16,-07:00,2026-04-23T14:58:16-07:00,3,49
global.js,105,js,4285989d,Nicholas Chan,2026-04-29,14:20:18,-07:00,2026-04-29T14:20:18-07:00,3,3
global.js,106,js,4285989d,Nicholas Chan,2026-04-29,14:20:18,-07:00,2026-04-29T14:20:18-07:00,4,27
global.js,107,js,4285989d,Nicholas Chan,2026-04-29,14:20:18,-07:00,2026-04-29T14:20:18-07:00,4,41
global.js,108,js,4285989d,Nicholas Chan,2026-04-29,14:20:18,-07:00,2026-04-29T14:20:18-07:00,3,4
global.js,109,js,db243fa6,Nicholas Chan,2026-04-23,11:03:03,-07:00,2026-04-23T11:03:03-07:00,2,0
global.js,110,js,db243fa6,Nicholas Chan,2026-04-23,11:03:03,-07:00,2026-04-23T11:03:03-07:00,0,0
global.js,111,js,db243fa6,Nicholas Chan,2026-04-23,11:03:03,-07:00,2026-04-23T11:03:03-07:00,2,36
global.js,112,js,db243fa6,Nicholas Chan,2026-04-23,11:03:03,-07:00,2026-04-23T11:03:03-07:00,1,1
global.js,113,js,e70ffa84,Nicholas Chan,2026-04-23,11:38:23,-07:00,2026-04-23T11:38:23-07:00,0,0
global.js,114,js,e70ffa84,Nicholas Chan,2026-04-23,11:38:23,-07:00,2026-04-23T11:38:23-07:00,0,0
global.js,115,js,e70ffa84,Nicholas Chan,2026-04-23,11:38:23,-07:00,2026-04-23T11:38:23-07:00,0,47
global.js,116,js,e70ffa84,Nicholas Chan,2026-04-23,11:38:23,-07:00,2026-04-23T11:38:23-07:00,1,59
global.js,117,js,f9bbaf81,Nicholas Chan,2026-04-23,09:21:29,-07:00,2026-04-23T09:21:29-07:00,0,0
Resume\index.html,1,html,4fcc1b83,Nicholas Chan,2026-04-03,10:29:28,-07:00,2026-04-03T10:29:28-07:00,0,13
Resume\index.html,2,html,4fcc1b83,Nicholas Chan,2026-04-03,10:29:28,-07:00,2026-04-03T10:29:28-07:00,0,14
Resume\index.html,3,html,4fcc1b83,Nicholas Chan,2026-04-03,10:29:28,-07:00,2026-04-03T10:29:28-07:00,0,4
Resume\index.html,4,html,03be229e,Nicholas Chan,2026-04-30,08:44:59,-07:00,2026-04-30T08:44:59-07:00,1,20
Resume\index.html,5,html,03be229e,Nicholas Chan,2026-04-30,08:44:59,-07:00,2026-04-30T08:44:59-07:00,1,68
Resume\index.html,6,html,03be229e,Nicholas Chan,2026-04-30,08:44:59,-07:00,2026-04-30T08:44:59-07:00,1,18
Resume\index.html,7,html,03be229e,Nicholas Chan,2026-04-30,08:44:59,-07:00,2026-04-30T08:44:59-07:00,1,41
Resume\index.html,8,html,03be229e,Nicholas Chan,2026-04-30,08:44:59,-07:00,2026-04-30T08:44:59-07:00,1,48
Resume\index.html,9,html,4fcc1b83,Nicholas Chan,2026-04-03,10:29:28,-07:00,2026-04-03T10:29:28-07:00,0,5
Resume\index.html,10,html,4fcc1b83,Nicholas Chan,2026-04-03,10:29:28,-07:00,2026-04-03T10:29:28-07:00,0,4
Resume\index.html,11,html,4fcc1b83,Nicholas Chan,2026-04-03,10:29:28,-07:00,2026-04-03T10:29:28-07:00,0,0
Resume\index.html,12,html,64d78434,Nicholas Chan,2026-04-17,08:54:35,-07:00,2026-04-17T08:54:35-07:00,2,8
Resume\index.html,13,html,6aaa42f3,Nicholas Chan,2026-04-10,09:16:35,-07:00,2026-04-10T09:16:35-07:00,4,2
Resume\index.html,14,html,719c6c92,Nicholas Chan,2026-04-10,09:49:50,-07:00,2026-04-10T09:49:50-07:00,6,47
Resume\index.html,15,html,6aaa42f3,Nicholas Chan,2026-04-10,09:16:35,-07:00,2026-04-10T09:16:35-07:00,6,60
Resume\index.html,16,html,6aaa42f3,Nicholas Chan,2026-04-10,09:16:35,-07:00,2026-04-10T09:16:35-07:00,6,59
Resume\index.html,17,html,64d78434,Nicholas Chan,2026-04-17,08:54:35,-07:00,2026-04-17T08:54:35-07:00,6,56
Resume\index.html,18,html,6aaa42f3,Nicholas Chan,2026-04-10,09:16:35,-07:00,2026-04-10T09:16:35-07:00,6,77
Resume\index.html,19,html,6aaa42f3,Nicholas Chan,2026-04-10,09:16:35,-07:00,2026-04-10T09:16:35-07:00,4,3
Resume\index.html,20,html,64d78434,Nicholas Chan,2026-04-17,08:54:35,-07:00,2026-04-17T08:54:35-07:00,2,8
Resume\index.html,21,html,4fcc1b83,Nicholas Chan,2026-04-03,10:29:28,-07:00,2026-04-03T10:29:28-07:00,0,0
Resume\index.html,22,html,06efed83,Nicholas Chan,2026-04-10,10:16:57,-07:00,2026-04-10T10:16:57-07:00,1,0
Resume\index.html,23,html,4fcc1b83,Nicholas Chan,2026-04-03,10:29:28,-07:00,2026-04-03T10:29:28-07:00,2,6
Resume\index.html,24,html,4fcc1b83,Nicholas Chan,2026-04-03,10:29:28,-07:00,2026-04-03T10:29:28-07:00,4,20
Resume\index.html,25,html,4fcc1b83,Nicholas Chan,2026-04-03,10:29:28,-07:00,2026-04-03T10:29:28-07:00,4,40
Resume\index.html,26,html,4fcc1b83,Nicholas Chan,2026-04-03,10:29:28,-07:00,2026-04-03T10:29:28-07:00,4,1
Resume\index.html,27,html,4fcc1b83,Nicholas Chan,2026-04-03,10:29:28,-07:00,2026-04-03T10:29:28-07:00,8,46
Resume\index.html,28,html,4fcc1b83,Nicholas Chan,2026-04-03,10:29:28,-07:00,2026-04-03T10:29:28-07:00,8,39
Resume\index.html,29,html,4fcc1b83,Nicholas Chan,2026-04-03,10:29:28,-07:00,2026-04-03T10:29:28-07:00,4,2
Resume\index.html,30,html,4fcc1b83,Nicholas Chan,2026-04-03,10:29:28,-07:00,2026-04-03T10:29:28-07:00,2,7
Resume\index.html,31,html,4fcc1b83,Nicholas Chan,2026-04-03,10:29:28,-07:00,2026-04-03T10:29:28-07:00,0,0
Resume\index.html,32,html,4fcc1b83,Nicholas Chan,2026-04-03,10:29:28,-07:00,2026-04-03T10:29:28-07:00,2,7
Resume\index.html,33,html,4fcc1b83,Nicholas Chan,2026-04-03,10:29:28,-07:00,2026-04-03T10:29:28-07:00,4,29
Resume\index.html,34,html,4fcc1b83,Nicholas Chan,2026-04-03,10:29:28,-07:00,2026-04-03T10:29:28-07:00,0,0
Resume\index.html,35,html,4fcc1b83,Nicholas Chan,2026-04-03,10:29:28,-07:00,2026-04-03T10:29:28-07:00,4,79
Resume\index.html,36,html,4fcc1b83,Nicholas Chan,2026-04-03,10:29:28,-07:00,2026-04-03T10:29:28-07:00,4,26
Resume\index.html,37,html,4fcc1b83,Nicholas Chan,2026-04-03,10:29:28,-07:00,2026-04-03T10:29:28-07:00,4,83
Resume\index.html,38,html,4fcc1b83,Nicholas Chan,2026-04-03,10:29:28,-07:00,2026-04-03T10:29:28-07:00,4,106
Resume\index.html,39,html,4fcc1b83,Nicholas Chan,2026-04-03,10:29:28,-07:00,2026-04-03T10:29:28-07:00,2,8
Resume\index.html,40,html,4fcc1b83,Nicholas Chan,2026-04-03,10:29:28,-07:00,2026-04-03T10:29:28-07:00,0,0
Resume\index.html,41,html,4fcc1b83,Nicholas Chan,2026-04-03,10:29:28,-07:00,2026-04-03T10:29:28-07:00,1,7
Resume\index.html,42,html,4fcc1b83,Nicholas Chan,2026-04-03,10:29:28,-07:00,2026-04-03T10:29:28-07:00,2,13
Resume\index.html,43,html,4fcc1b83,Nicholas Chan,2026-04-03,10:29:28,-07:00,2026-04-03T10:29:28-07:00,0,0
Resume\index.html,44,html,4fcc1b83,Nicholas Chan,2026-04-03,10:29:28,-07:00,2026-04-03T10:29:28-07:00,2,7
Resume\index.html,45,html,4fcc1b83,Nicholas Chan,2026-04-03,10:29:28,-07:00,2026-04-03T10:29:28-07:00,4,6
Resume\index.html,46,html,4fcc1b83,Nicholas Chan,2026-04-03,10:29:28,-07:00,2026-04-03T10:29:28-07:00,6,28
Resume\index.html,47,html,4fcc1b83,Nicholas Chan,2026-04-03,10:29:28,-07:00,2026-04-03T10:29:28-07:00,4,7
Resume\index.html,48,html,4fcc1b83,Nicholas Chan,2026-04-03,10:29:28,-07:00,2026-04-03T10:29:28-07:00,4,68
Resume\index.html,49,html,4fcc1b83,Nicholas Chan,2026-04-03,10:29:28,-07:00,2026-04-03T10:29:28-07:00,2,0
Resume\index.html,50,html,4fcc1b83,Nicholas Chan,2026-04-03,10:29:28,-07:00,2026-04-03T10:29:28-07:00,2,8
Resume\index.html,51,html,4fcc1b83,Nicholas Chan,2026-04-03,10:29:28,-07:00,2026-04-03T10:29:28-07:00,0,0
Resume\index.html,52,html,4fcc1b83,Nicholas Chan,2026-04-03,10:29:28,-07:00,2026-04-03T10:29:28-07:00,2,7
Resume\index.html,53,html,4fcc1b83,Nicholas Chan,2026-04-03,10:29:28,-07:00,2026-04-03T10:29:28-07:00,4,6
Resume\index.html,54,html,4fcc1b83,Nicholas Chan,2026-04-03,10:29:28,-07:00,2026-04-03T10:29:28-07:00,6,25
Resume\index.html,55,html,4fcc1b83,Nicholas Chan,2026-04-03,10:29:28,-07:00,2026-04-03T10:29:28-07:00,4,7
Resume\index.html,56,html,4fcc1b83,Nicholas Chan,2026-04-03,10:29:28,-07:00,2026-04-03T10:29:28-07:00,4,52
Resume\index.html,57,html,4fcc1b83,Nicholas Chan,2026-04-03,10:29:28,-07:00,2026-04-03T10:29:28-07:00,2,8
Resume\index.html,58,html,4fcc1b83,Nicholas Chan,2026-04-03,10:29:28,-07:00,2026-04-03T10:29:28-07:00,0,0
Resume\index.html,59,html,4fcc1b83,Nicholas Chan,2026-04-03,10:29:28,-07:00,2026-04-03T10:29:28-07:00,2,7
Resume\index.html,60,html,4fcc1b83,Nicholas Chan,2026-04-03,10:29:28,-07:00,2026-04-03T10:29:28-07:00,4,6
Resume\index.html,61,html,4fcc1b83,Nicholas Chan,2026-04-03,10:29:28,-07:00,2026-04-03T10:29:28-07:00,6,18
Resume\index.html,62,html,4fcc1b83,Nicholas Chan,2026-04-03,10:29:28,-07:00,2026-04-03T10:29:28-07:00,4,7
Resume\index.html,63,html,4fcc1b83,Nicholas Chan,2026-04-03,10:29:28,-07:00,2026-04-03T10:29:28-07:00,4,110
Resume\index.html,64,html,4fcc1b83,Nicholas Chan,2026-04-03,10:29:28,-07:00,2026-04-03T10:29:28-07:00,2,8
Resume\index.html,65,html,4fcc1b83,Nicholas Chan,2026-04-03,10:29:28,-07:00,2026-04-03T10:29:28-07:00,0,0
Resume\index.html,66,html,4fcc1b83,Nicholas Chan,2026-04-03,10:29:28,-07:00,2026-04-03T10:29:28-07:00,0,8
Resume\index.html,67,html,4fcc1b83,Nicholas Chan,2026-04-03,10:29:28,-07:00,2026-04-03T10:29:28-07:00,0,86
Resume\index.html,68,html,4fcc1b83,Nicholas Chan,2026-04-03,10:29:28,-07:00,2026-04-03T10:29:28-07:00,0,0
Resume\index.html,69,html,4fcc1b83,Nicholas Chan,2026-04-03,10:29:28,-07:00,2026-04-03T10:29:28-07:00,0,5
Resume\index.html,70,html,4fcc1b83,Nicholas Chan,2026-04-03,10:29:28,-07:00,2026-04-03T10:29:28-07:00,0,5
projects\projects.js,1,js,03be229e,Nicholas Chan,2026-04-30,08:44:59,-07:00,2026-04-30T08:44:59-07:00,0,55
projects\projects.js,2,js,daf3ffc7,Nicholas Chan,2026-04-29,14:58:15,-07:00,2026-04-29T14:58:15-07:00,0,63
projects\projects.js,3,js,e529a02c,Nicholas Chan,2026-04-23,09:39:52,-07:00,2026-04-23T09:39:52-07:00,0,0
projects\projects.js,4,js,03be229e,Nicholas Chan,2026-04-30,08:44:59,-07:00,2026-04-30T08:44:59-07:00,0,55
projects\projects.js,5,js,f9bbaf81,Nicholas Chan,2026-04-23,09:21:29,-07:00,2026-04-23T09:21:29-07:00,0,0
projects\projects.js,6,js,f9bbaf81,Nicholas Chan,2026-04-23,09:21:29,-07:00,2026-04-23T09:21:29-07:00,0,60
projects\projects.js,7,js,03be229e,Nicholas Chan,2026-04-30,08:44:59,-07:00,2026-04-30T08:44:59-07:00,0,55
projects\projects.js,8,js,f9bbaf81,Nicholas Chan,2026-04-23,09:21:29,-07:00,2026-04-23T09:21:29-07:00,0,0
projects\projects.js,9,js,03be229e,Nicholas Chan,2026-04-30,08:44:59,-07:00,2026-04-30T08:44:59-07:00,0,13
projects\projects.js,10,js,03be229e,Nicholas Chan,2026-04-30,08:44:59,-07:00,2026-04-30T08:44:59-07:00,0,21
projects\projects.js,11,js,03be229e,Nicholas Chan,2026-04-30,08:44:59,-07:00,2026-04-30T08:44:59-07:00,0,22
projects\projects.js,12,js,c4e7eb4a,Nicholas Chan,2026-04-29,15:48:34,-07:00,2026-04-29T15:48:34-07:00,0,0
projects\projects.js,13,js,03be229e,Nicholas Chan,2026-04-30,08:44:59,-07:00,2026-04-30T08:44:59-07:00,0,36
projects\projects.js,14,js,03be229e,Nicholas Chan,2026-04-30,08:44:59,-07:00,2026-04-30T08:44:59-07:00,1,33
projects\projects.js,15,js,03be229e,Nicholas Chan,2026-04-30,08:44:59,-07:00,2026-04-30T08:44:59-07:00,2,55
projects\projects.js,16,js,03be229e,Nicholas Chan,2026-04-30,08:44:59,-07:00,2026-04-30T08:44:59-07:00,1,0
projects\projects.js,17,js,03be229e,Nicholas Chan,2026-04-30,08:44:59,-07:00,2026-04-30T08:44:59-07:00,0,0
projects\projects.js,18,js,03be229e,Nicholas Chan,2026-04-30,08:44:59,-07:00,2026-04-30T08:44:59-07:00,0,0
projects\projects.js,19,js,03be229e,Nicholas Chan,2026-04-30,08:44:59,-07:00,2026-04-30T08:44:59-07:00,0,30
projects\projects.js,20,js,03be229e,Nicholas Chan,2026-04-30,08:44:59,-07:00,2026-04-30T08:44:59-07:00,1,49
projects\projects.js,21,js,03be229e,Nicholas Chan,2026-04-30,08:44:59,-07:00,2026-04-30T08:44:59-07:00,0,0
projects\projects.js,22,js,03be229e,Nicholas Chan,2026-04-30,08:44:59,-07:00,2026-04-30T08:44:59-07:00,1,58
projects\projects.js,23,js,03be229e,Nicholas Chan,2026-04-30,08:44:59,-07:00,2026-04-30T08:44:59-07:00,2,53
projects\projects.js,24,js,c4e7eb4a,Nicholas Chan,2026-04-29,15:48:34,-07:00,2026-04-29T15:48:34-07:00,0,0
projects\projects.js,25,js,03be229e,Nicholas Chan,2026-04-30,08:44:59,-07:00,2026-04-30T08:44:59-07:00,2,53
projects\projects.js,26,js,03be229e,Nicholas Chan,2026-04-30,08:44:59,-07:00,2026-04-30T08:44:59-07:00,3,26
projects\projects.js,27,js,03be229e,Nicholas Chan,2026-04-30,08:44:59,-07:00,2026-04-30T08:44:59-07:00,2,0
projects\projects.js,28,js,03be229e,Nicholas Chan,2026-04-30,08:44:59,-07:00,2026-04-30T08:44:59-07:00,1,0
projects\projects.js,29,js,c4e7eb4a,Nicholas Chan,2026-04-29,15:48:34,-07:00,2026-04-29T15:48:34-07:00,0,0
projects\projects.js,30,js,03be229e,Nicholas Chan,2026-04-30,08:44:59,-07:00,2026-04-30T08:44:59-07:00,1,22
projects\projects.js,31,js,c4e7eb4a,Nicholas Chan,2026-04-29,15:48:34,-07:00,2026-04-29T15:48:34-07:00,0,0
projects\projects.js,32,js,c4e7eb4a,Nicholas Chan,2026-04-29,15:48:34,-07:00,2026-04-29T15:48:34-07:00,0,0
projects\projects.js,33,js,03be229e,Nicholas Chan,2026-04-30,08:44:59,-07:00,2026-04-30T08:44:59-07:00,0,38
projects\projects.js,34,js,03be229e,Nicholas Chan,2026-04-30,08:44:59,-07:00,2026-04-30T08:44:59-07:00,1,29
projects\projects.js,35,js,03be229e,Nicholas Chan,2026-04-30,08:44:59,-07:00,2026-04-30T08:44:59-07:00,2,12
projects\projects.js,36,js,03be229e,Nicholas Chan,2026-04-30,08:44:59,-07:00,2026-04-30T08:44:59-07:00,2,14
projects\projects.js,37,js,03be229e,Nicholas Chan,2026-04-30,08:44:59,-07:00,2026-04-30T08:44:59-07:00,2,11
projects\projects.js,38,js,03be229e,Nicholas Chan,2026-04-30,08:44:59,-07:00,2026-04-30T08:44:59-07:00,1,0
projects\projects.js,39,js,03be229e,Nicholas Chan,2026-04-30,08:44:59,-07:00,2026-04-30T08:44:59-07:00,0,0
projects\projects.js,40,js,03be229e,Nicholas Chan,2026-04-30,08:44:59,-07:00,2026-04-30T08:44:59-07:00,1,50
projects\projects.js,41,js,03be229e,Nicholas Chan,2026-04-30,08:44:59,-07:00,2026-04-30T08:44:59-07:00,2,6
projects\projects.js,42,js,03be229e,Nicholas Chan,2026-04-30,08:44:59,-07:00,2026-04-30T08:44:59-07:00,3,10
projects\projects.js,43,js,03be229e,Nicholas Chan,2026-04-30,08:44:59,-07:00,2026-04-30T08:44:59-07:00,3,10
projects\projects.js,44,js,03be229e,Nicholas Chan,2026-04-30,08:44:59,-07:00,2026-04-30T08:44:59-07:00,2,0
projects\projects.js,45,js,03be229e,Nicholas Chan,2026-04-30,08:44:59,-07:00,2026-04-30T08:44:59-07:00,1,1
projects\projects.js,46,js,03be229e,Nicholas Chan,2026-04-30,08:44:59,-07:00,2026-04-30T08:44:59-07:00,0,0
projects\projects.js,47,js,03be229e,Nicholas Chan,2026-04-30,08:44:59,-07:00,2026-04-30T08:44:59-07:00,1,23
projects\projects.js,48,js,03be229e,Nicholas Chan,2026-04-30,08:44:59,-07:00,2026-04-30T08:44:59-07:00,0,0
projects\projects.js,49,js,03be229e,Nicholas Chan,2026-04-30,08:44:59,-07:00,2026-04-30T08:44:59-07:00,1,36
projects\projects.js,50,js,03be229e,Nicholas Chan,2026-04-30,08:44:59,-07:00,2026-04-30T08:44:59-07:00,2,17
projects\projects.js,51,js,03be229e,Nicholas Chan,2026-04-30,08:44:59,-07:00,2026-04-30T08:44:59-07:00,1,0
projects\projects.js,52,js,03be229e,Nicholas Chan,2026-04-30,08:44:59,-07:00,2026-04-30T08:44:59-07:00,0,0
projects\projects.js,53,js,03be229e,Nicholas Chan,2026-04-30,08:44:59,-07:00,2026-04-30T08:44:59-07:00,1,25
projects\projects.js,54,js,03be229e,Nicholas Chan,2026-04-30,08:44:59,-07:00,2026-04-30T08:44:59-07:00,2,13
projects\projects.js,55,js,03be229e,Nicholas Chan,2026-04-30,08:44:59,-07:00,2026-04-30T08:44:59-07:00,2,15
projects\projects.js,56,js,03be229e,Nicholas Chan,2026-04-30,08:44:59,-07:00,2026-04-30T08:44:59-07:00,0,0
projects\projects.js,57,js,03be229e,Nicholas Chan,2026-04-30,08:44:59,-07:00,2026-04-30T08:44:59-07:00,1,27
projects\projects.js,58,js,03be229e,Nicholas Chan,2026-04-30,08:44:59,-07:00,2026-04-30T08:44:59-07:00,2,21
projects\projects.js,59,js,03be229e,Nicholas Chan,2026-04-30,08:44:59,-07:00,2026-04-30T08:44:59-07:00,0,0
projects\projects.js,60,js,03be229e,Nicholas Chan,2026-04-30,08:44:59,-07:00,2026-04-30T08:44:59-07:00,1,36
projects\projects.js,61,js,03be229e,Nicholas Chan,2026-04-30,08:44:59,-07:00,2026-04-30T08:44:59-07:00,1,45
projects\projects.js,62,js,03be229e,Nicholas Chan,2026-04-30,08:44:59,-07:00,2026-04-30T08:44:59-07:00,0,0
projects\projects.js,63,js,03be229e,Nicholas Chan,2026-04-30,08:44:59,-07:00,2026-04-30T08:44:59-07:00,1,47
projects\projects.js,64,js,3a5772c4,Nicholas Chan,2026-04-29,16:03:23,-07:00,2026-04-29T16:03:23-07:00,0,0
projects\projects.js,65,js,03be229e,Nicholas Chan,2026-04-30,08:44:59,-07:00,2026-04-30T08:44:59-07:00,1,40
projects\projects.js,66,js,03be229e,Nicholas Chan,2026-04-30,08:44:59,-07:00,2026-04-30T08:44:59-07:00,1,32
projects\projects.js,67,js,03be229e,Nicholas Chan,2026-04-30,08:44:59,-07:00,2026-04-30T08:44:59-07:00,0,0
projects\projects.js,68,js,03be229e,Nicholas Chan,2026-04-30,08:44:59,-07:00,2026-04-30T08:44:59-07:00,1,29
projects\projects.js,69,js,03be229e,Nicholas Chan,2026-04-30,08:44:59,-07:00,2026-04-30T08:44:59-07:00,1,30
projects\projects.js,70,js,03be229e,Nicholas Chan,2026-04-30,08:44:59,-07:00,2026-04-30T08:44:59-07:00,0,0
projects\projects.js,71,js,03be229e,Nicholas Chan,2026-04-30,08:44:59,-07:00,2026-04-30T08:44:59-07:00,1,24
projects\projects.js,72,js,03be229e,Nicholas Chan,2026-04-30,08:44:59,-07:00,2026-04-30T08:44:59-07:00,2,1
projects\projects.js,73,js,03be229e,Nicholas Chan,2026-04-30,08:44:59,-07:00,2026-04-30T08:44:59-07:00,3,13
projects\projects.js,74,js,03be229e,Nicholas Chan,2026-04-30,08:44:59,-07:00,2026-04-30T08:44:59-07:00,3,13
projects\projects.js,75,js,03be229e,Nicholas Chan,2026-04-30,08:44:59,-07:00,2026-04-30T08:44:59-07:00,3,22
projects\projects.js,76,js,03be229e,Nicholas Chan,2026-04-30,08:44:59,-07:00,2026-04-30T08:44:59-07:00,3,51
projects\projects.js,77,js,03be229e,Nicholas Chan,2026-04-30,08:44:59,-07:00,2026-04-30T08:44:59-07:00,3,18
projects\projects.js,78,js,03be229e,Nicholas Chan,2026-04-30,08:44:59,-07:00,2026-04-30T08:44:59-07:00,4,43
projects\projects.js,79,js,03be229e,Nicholas Chan,2026-04-30,08:44:59,-07:00,2026-04-30T08:44:59-07:00,0,0
projects\projects.js,80,js,03be229e,Nicholas Chan,2026-04-30,08:44:59,-07:00,2026-04-30T08:44:59-07:00,4,1
projects\projects.js,81,js,03be229e,Nicholas Chan,2026-04-30,08:44:59,-07:00,2026-04-30T08:44:59-07:00,5,16
projects\projects.js,82,js,03be229e,Nicholas Chan,2026-04-30,08:44:59,-07:00,2026-04-30T08:44:59-07:00,5,24
projects\projects.js,83,js,03be229e,Nicholas Chan,2026-04-30,08:44:59,-07:00,2026-04-30T08:44:59-07:00,6,37
projects\projects.js,84,js,03be229e,Nicholas Chan,2026-04-30,08:44:59,-07:00,2026-04-30T08:44:59-07:00,5,0
projects\projects.js,85,js,03be229e,Nicholas Chan,2026-04-30,08:44:59,-07:00,2026-04-30T08:44:59-07:00,0,0
projects\projects.js,86,js,03be229e,Nicholas Chan,2026-04-30,08:44:59,-07:00,2026-04-30T08:44:59-07:00,4,4
projects\projects.js,87,js,03be229e,Nicholas Chan,2026-04-30,08:44:59,-07:00,2026-04-30T08:44:59-07:00,5,14
projects\projects.js,88,js,03be229e,Nicholas Chan,2026-04-30,08:44:59,-07:00,2026-04-30T08:44:59-07:00,5,24
projects\projects.js,89,js,03be229e,Nicholas Chan,2026-04-30,08:44:59,-07:00,2026-04-30T08:44:59-07:00,6,19
projects\projects.js,90,js,03be229e,Nicholas Chan,2026-04-30,08:44:59,-07:00,2026-04-30T08:44:59-07:00,7,22
projects\projects.js,91,js,03be229e,Nicholas Chan,2026-04-30,08:44:59,-07:00,2026-04-30T08:44:59-07:00,7,13
projects\projects.js,92,js,03be229e,Nicholas Chan,2026-04-30,08:44:59,-07:00,2026-04-30T08:44:59-07:00,5,0
projects\projects.js,93,js,03be229e,Nicholas Chan,2026-04-30,08:44:59,-07:00,2026-04-30T08:44:59-07:00,0,0
projects\projects.js,94,js,03be229e,Nicholas Chan,2026-04-30,08:44:59,-07:00,2026-04-30T08:44:59-07:00,4,43
projects\projects.js,95,js,03be229e,Nicholas Chan,2026-04-30,08:44:59,-07:00,2026-04-30T08:44:59-07:00,4,56
projects\projects.js,96,js,03be229e,Nicholas Chan,2026-04-30,08:44:59,-07:00,2026-04-30T08:44:59-07:00,3,1
projects\projects.js,97,js,03be229e,Nicholas Chan,2026-04-30,08:44:59,-07:00,2026-04-30T08:44:59-07:00,1,1
projects\projects.js,98,js,03be229e,Nicholas Chan,2026-04-30,08:44:59,-07:00,2026-04-30T08:44:59-07:00,0,0
projects\projects.js,99,js,03be229e,Nicholas Chan,2026-04-30,08:44:59,-07:00,2026-04-30T08:44:59-07:00,1,25
projects\projects.js,100,js,03be229e,Nicholas Chan,2026-04-30,08:44:59,-07:00,2026-04-30T08:44:59-07:00,2,4
projects\projects.js,101,js,03be229e,Nicholas Chan,2026-04-30,08:44:59,-07:00,2026-04-30T08:44:59-07:00,3,11
projects\projects.js,102,js,03be229e,Nicholas Chan,2026-04-30,08:44:59,-07:00,2026-04-30T08:44:59-07:00,3,37
projects\projects.js,103,js,03be229e,Nicholas Chan,2026-04-30,08:44:59,-07:00,2026-04-30T08:44:59-07:00,3,74
projects\projects.js,104,js,03be229e,Nicholas Chan,2026-04-30,08:44:59,-07:00,2026-04-30T08:44:59-07:00,3,69
projects\projects.js,105,js,03be229e,Nicholas Chan,2026-04-30,08:44:59,-07:00,2026-04-30T08:44:59-07:00,1,1
projects\projects.js,106,js,c4e7eb4a,Nicholas Chan,2026-04-29,15:48:34,-07:00,2026-04-29T15:48:34-07:00,0,0
projects\projects.js,107,js,c4e7eb4a,Nicholas Chan,2026-04-29,15:48:34,-07:00,2026-04-29T15:48:34-07:00,0,0
projects\projects.js,108,js,03be229e,Nicholas Chan,2026-04-30,08:44:59,-07:00,2026-04-30T08:44:59-07:00,0,18
projects\projects.js,109,js,03be229e,Nicholas Chan,2026-04-30,08:44:59,-07:00,2026-04-30T08:44:59-07:00,0,42
projects\projects.js,110,js,03be229e,Nicholas Chan,2026-04-30,08:44:59,-07:00,2026-04-30T08:44:59-07:00,0,55
projects\projects.js,111,js,03be229e,Nicholas Chan,2026-04-30,08:44:59,-07:00,2026-04-30T08:44:59-07:00,0,42
projects\projects.js,112,js,03be229e,Nicholas Chan,2026-04-30,08:44:59,-07:00,2026-04-30T08:44:59-07:00,0,0
projects\projects.js,113,js,03be229e,Nicholas Chan,2026-04-30,08:44:59,-07:00,2026-04-30T08:44:59-07:00,0,45
projects\projects.js,114,js,03be229e,Nicholas Chan,2026-04-30,08:44:59,-07:00,2026-04-30T08:44:59-07:00,0,48
projects\projects.js,115,js,03be229e,Nicholas Chan,2026-04-30,08:44:59,-07:00,2026-04-30T08:44:59-07:00,1,25
projects\projects.js,116,js,03be229e,Nicholas Chan,2026-04-30,08:44:59,-07:00,2026-04-30T08:44:59-07:00,0,0
projects\projects.js,117,js,03be229e,Nicholas Chan,2026-04-30,08:44:59,-07:00,2026-04-30T08:44:59-07:00,1,17
projects\projects.js,118,js,03be229e,Nicholas Chan,2026-04-30,08:44:59,-07:00,2026-04-30T08:44:59-07:00,0,0
projects\projects.js,119,js,03be229e,Nicholas Chan,2026-04-30,08:44:59,-07:00,2026-04-30T08:44:59-07:00,1,55
projects\projects.js,120,js,c4e7eb4a,Nicholas Chan,2026-04-29,15:48:34,-07:00,2026-04-29T15:48:34-07:00,0,0
projects\projects.js,121,js,03be229e,Nicholas Chan,2026-04-30,08:44:59,-07:00,2026-04-30T08:44:59-07:00,1,62
projects\projects.js,122,js,03be229e,Nicholas Chan,2026-04-30,08:44:59,-07:00,2026-04-30T08:44:59-07:00,1,37
projects\projects.js,123,js,3a5772c4,Nicholas Chan,2026-04-29,16:03:23,-07:00,2026-04-29T16:03:23-07:00,0,1
projects\index.html,1,html,a0ddf608,Nicholas Chan,2026-04-03,08:07:16,-07:00,2026-04-03T08:07:16-07:00,0,13
projects\index.html,2,html,a0ddf608,Nicholas Chan,2026-04-03,08:07:16,-07:00,2026-04-03T08:07:16-07:00,0,14
projects\index.html,3,html,6aaa42f3,Nicholas Chan,2026-04-10,09:16:35,-07:00,2026-04-10T09:16:35-07:00,0,0
projects\index.html,4,html,a0ddf608,Nicholas Chan,2026-04-03,08:07:16,-07:00,2026-04-03T08:07:16-07:00,0,4
projects\index.html,5,html,03be229e,Nicholas Chan,2026-04-30,08:44:59,-07:00,2026-04-30T08:44:59-07:00,1,22
projects\index.html,6,html,03be229e,Nicholas Chan,2026-04-30,08:44:59,-07:00,2026-04-30T08:44:59-07:00,1,70
projects\index.html,7,html,03be229e,Nicholas Chan,2026-04-30,08:44:59,-07:00,2026-04-30T08:44:59-07:00,1,21
projects\index.html,8,html,03be229e,Nicholas Chan,2026-04-30,08:44:59,-07:00,2026-04-30T08:44:59-07:00,1,43
projects\index.html,9,html,03be229e,Nicholas Chan,2026-04-30,08:44:59,-07:00,2026-04-30T08:44:59-07:00,1,55
projects\index.html,10,html,a0ddf608,Nicholas Chan,2026-04-03,08:07:16,-07:00,2026-04-03T08:07:16-07:00,0,5
projects\index.html,11,html,6aaa42f3,Nicholas Chan,2026-04-10,09:16:35,-07:00,2026-04-10T09:16:35-07:00,0,0
projects\index.html,12,html,a0ddf608,Nicholas Chan,2026-04-03,08:07:16,-07:00,2026-04-03T08:07:16-07:00,0,4
projects\index.html,13,html,a0ddf608,Nicholas Chan,2026-04-03,08:07:16,-07:00,2026-04-03T08:07:16-07:00,0,0
projects\index.html,14,html,64d78434,Nicholas Chan,2026-04-17,08:54:35,-07:00,2026-04-17T08:54:35-07:00,2,8
projects\index.html,15,html,6aaa42f3,Nicholas Chan,2026-04-10,09:16:35,-07:00,2026-04-10T09:16:35-07:00,4,2
projects\index.html,16,html,6aaa42f3,Nicholas Chan,2026-04-10,09:16:35,-07:00,2026-04-10T09:16:35-07:00,6,47
projects\index.html,17,html,64d78434,Nicholas Chan,2026-04-17,08:54:35,-07:00,2026-04-17T08:54:35-07:00,6,60
projects\index.html,18,html,6aaa42f3,Nicholas Chan,2026-04-10,09:16:35,-07:00,2026-04-10T09:16:35-07:00,6,59
projects\index.html,19,html,6aaa42f3,Nicholas Chan,2026-04-10,09:16:35,-07:00,2026-04-10T09:16:35-07:00,6,56
projects\index.html,20,html,6aaa42f3,Nicholas Chan,2026-04-10,09:16:35,-07:00,2026-04-10T09:16:35-07:00,6,77
projects\index.html,21,html,6aaa42f3,Nicholas Chan,2026-04-10,09:16:35,-07:00,2026-04-10T09:16:35-07:00,4,3
projects\index.html,22,html,64d78434,Nicholas Chan,2026-04-17,08:54:35,-07:00,2026-04-17T08:54:35-07:00,2,8
projects\index.html,23,html,c82e7174,Nicholas Chan,2026-04-23,11:59:30,-07:00,2026-04-23T11:59:30-07:00,1,0
projects\index.html,24,html,a0ddf608,Nicholas Chan,2026-04-03,08:07:16,-07:00,2026-04-03T08:07:16-07:00,0,0
projects\index.html,25,html,4285989d,Nicholas Chan,2026-04-29,14:20:18,-07:00,2026-04-29T14:20:18-07:00,2,18
projects\index.html,26,html,03be229e,Nicholas Chan,2026-04-30,08:44:59,-07:00,2026-04-30T08:44:59-07:00,2,27
projects\index.html,27,html,daf3ffc7,Nicholas Chan,2026-04-29,14:58:15,-07:00,2026-04-29T14:58:15-07:00,2,52
projects\index.html,28,html,4285989d,Nicholas Chan,2026-04-29,14:20:18,-07:00,2026-04-29T14:20:18-07:00,2,4
projects\index.html,29,html,03be229e,Nicholas Chan,2026-04-30,08:44:59,-07:00,2026-04-30T08:44:59-07:00,2,22
projects\index.html,30,html,03be229e,Nicholas Chan,2026-04-30,08:44:59,-07:00,2026-04-30T08:44:59-07:00,2,5
projects\index.html,31,html,03be229e,Nicholas Chan,2026-04-30,08:44:59,-07:00,2026-04-30T08:44:59-07:00,0,4
projects\index.html,32,html,03be229e,Nicholas Chan,2026-04-30,08:44:59,-07:00,2026-04-30T08:44:59-07:00,0,0
projects\index.html,33,html,03be229e,Nicholas Chan,2026-04-30,08:44:59,-07:00,2026-04-30T08:44:59-07:00,0,4
projects\index.html,34,html,03be229e,Nicholas Chan,2026-04-30,08:44:59,-07:00,2026-04-30T08:44:59-07:00,1,15
projects\index.html,35,html,03be229e,Nicholas Chan,2026-04-30,08:44:59,-07:00,2026-04-30T08:44:59-07:00,1,11
projects\index.html,36,html,03be229e,Nicholas Chan,2026-04-30,08:44:59,-07:00,2026-04-30T08:44:59-07:00,1,26
projects\index.html,37,html,03be229e,Nicholas Chan,2026-04-30,08:44:59,-07:00,2026-04-30T08:44:59-07:00,1,33
projects\index.html,38,html,6aaa42f3,Nicholas Chan,2026-04-10,09:16:35,-07:00,2026-04-10T09:16:35-07:00,0,0
projects\index.html,39,html,e529a02c,Nicholas Chan,2026-04-23,09:39:52,-07:00,2026-04-23T09:39:52-07:00,2,20
projects\index.html,40,html,e529a02c,Nicholas Chan,2026-04-23,09:39:52,-07:00,2026-04-23T09:39:52-07:00,4,12
projects\index.html,41,html,fc02199c,Nicholas Chan,2026-04-10,09:59:20,-07:00,2026-04-10T09:59:20-07:00,6,29
projects\index.html,42,html,fc02199c,Nicholas Chan,2026-04-10,09:59:20,-07:00,2026-04-10T09:59:20-07:00,6,70
projects\index.html,43,html,fc02199c,Nicholas Chan,2026-04-10,09:59:20,-07:00,2026-04-10T09:59:20-07:00,6,232
projects\index.html,44,html,fc02199c,Nicholas Chan,2026-04-10,09:59:20,-07:00,2026-04-10T09:59:20-07:00,4,8
projects\index.html,45,html,fc02199c,Nicholas Chan,2026-04-10,09:59:20,-07:00,2026-04-10T09:59:20-07:00,4,7
projects\index.html,46,html,fc02199c,Nicholas Chan,2026-04-10,09:59:20,-07:00,2026-04-10T09:59:20-07:00,6,48
projects\index.html,47,html,fc02199c,Nicholas Chan,2026-04-10,09:59:20,-07:00,2026-04-10T09:59:20-07:00,6,70
projects\index.html,48,html,fc02199c,Nicholas Chan,2026-04-10,09:59:20,-07:00,2026-04-10T09:59:20-07:00,6,204
projects\index.html,49,html,fc02199c,Nicholas Chan,2026-04-10,09:59:20,-07:00,2026-04-10T09:59:20-07:00,4,8
projects\index.html,50,html,fc02199c,Nicholas Chan,2026-04-10,09:59:20,-07:00,2026-04-10T09:59:20-07:00,4,7
projects\index.html,51,html,fc02199c,Nicholas Chan,2026-04-10,09:59:20,-07:00,2026-04-10T09:59:20-07:00,6,41
projects\index.html,52,html,fc02199c,Nicholas Chan,2026-04-10,09:59:20,-07:00,2026-04-10T09:59:20-07:00,6,70
projects\index.html,53,html,fc02199c,Nicholas Chan,2026-04-10,09:59:20,-07:00,2026-04-10T09:59:20-07:00,6,247
projects\index.html,54,html,fc02199c,Nicholas Chan,2026-04-10,09:59:20,-07:00,2026-04-10T09:59:20-07:00,4,8
projects\index.html,55,html,fc02199c,Nicholas Chan,2026-04-10,09:59:20,-07:00,2026-04-10T09:59:20-07:00,4,7
projects\index.html,56,html,fc02199c,Nicholas Chan,2026-04-10,09:59:20,-07:00,2026-04-10T09:59:20-07:00,6,41
projects\index.html,57,html,fc02199c,Nicholas Chan,2026-04-10,09:59:20,-07:00,2026-04-10T09:59:20-07:00,6,70
projects\index.html,58,html,fc02199c,Nicholas Chan,2026-04-10,09:59:20,-07:00,2026-04-10T09:59:20-07:00,6,246
projects\index.html,59,html,fc02199c,Nicholas Chan,2026-04-10,09:59:20,-07:00,2026-04-10T09:59:20-07:00,4,8
projects\index.html,60,html,fc02199c,Nicholas Chan,2026-04-10,09:59:20,-07:00,2026-04-10T09:59:20-07:00,4,7
projects\index.html,61,html,fc02199c,Nicholas Chan,2026-04-10,09:59:20,-07:00,2026-04-10T09:59:20-07:00,6,37
projects\index.html,62,html,fc02199c,Nicholas Chan,2026-04-10,09:59:20,-07:00,2026-04-10T09:59:20-07:00,6,70
projects\index.html,63,html,fc02199c,Nicholas Chan,2026-04-10,09:59:20,-07:00,2026-04-10T09:59:20-07:00,6,238
projects\index.html,64,html,fc02199c,Nicholas Chan,2026-04-10,09:59:20,-07:00,2026-04-10T09:59:20-07:00,4,8
projects\index.html,65,html,fc02199c,Nicholas Chan,2026-04-10,09:59:20,-07:00,2026-04-10T09:59:20-07:00,4,7
projects\index.html,66,html,fc02199c,Nicholas Chan,2026-04-10,09:59:20,-07:00,2026-04-10T09:59:20-07:00,6,32
projects\index.html,67,html,fc02199c,Nicholas Chan,2026-04-10,09:59:20,-07:00,2026-04-10T09:59:20-07:00,6,70
projects\index.html,68,html,fc02199c,Nicholas Chan,2026-04-10,09:59:20,-07:00,2026-04-10T09:59:20-07:00,6,221
projects\index.html,69,html,fc02199c,Nicholas Chan,2026-04-10,09:59:20,-07:00,2026-04-10T09:59:20-07:00,4,8
projects\index.html,70,html,fc02199c,Nicholas Chan,2026-04-10,09:59:20,-07:00,2026-04-10T09:59:20-07:00,4,7
projects\index.html,71,html,fc02199c,Nicholas Chan,2026-04-10,09:59:20,-07:00,2026-04-10T09:59:20-07:00,6,29
projects\index.html,72,html,fc02199c,Nicholas Chan,2026-04-10,09:59:20,-07:00,2026-04-10T09:59:20-07:00,6,70
projects\index.html,73,html,fc02199c,Nicholas Chan,2026-04-10,09:59:20,-07:00,2026-04-10T09:59:20-07:00,6,230
projects\index.html,74,html,fc02199c,Nicholas Chan,2026-04-10,09:59:20,-07:00,2026-04-10T09:59:20-07:00,4,8
projects\index.html,75,html,fc02199c,Nicholas Chan,2026-04-10,09:59:20,-07:00,2026-04-10T09:59:20-07:00,4,7
projects\index.html,76,html,fc02199c,Nicholas Chan,2026-04-10,09:59:20,-07:00,2026-04-10T09:59:20-07:00,6,41
projects\index.html,77,html,fc02199c,Nicholas Chan,2026-04-10,09:59:20,-07:00,2026-04-10T09:59:20-07:00,6,70
projects\index.html,78,html,fc02199c,Nicholas Chan,2026-04-10,09:59:20,-07:00,2026-04-10T09:59:20-07:00,6,223
projects\index.html,79,html,fc02199c,Nicholas Chan,2026-04-10,09:59:20,-07:00,2026-04-10T09:59:20-07:00,4,8
projects\index.html,80,html,fc02199c,Nicholas Chan,2026-04-10,09:59:20,-07:00,2026-04-10T09:59:20-07:00,4,7
projects\index.html,81,html,fc02199c,Nicholas Chan,2026-04-10,09:59:20,-07:00,2026-04-10T09:59:20-07:00,6,40
projects\index.html,82,html,fc02199c,Nicholas Chan,2026-04-10,09:59:20,-07:00,2026-04-10T09:59:20-07:00,6,70
projects\index.html,83,html,fc02199c,Nicholas Chan,2026-04-10,09:59:20,-07:00,2026-04-10T09:59:20-07:00,6,227
projects\index.html,84,html,fc02199c,Nicholas Chan,2026-04-10,09:59:20,-07:00,2026-04-10T09:59:20-07:00,4,8
projects\index.html,85,html,fc02199c,Nicholas Chan,2026-04-10,09:59:20,-07:00,2026-04-10T09:59:20-07:00,4,7
projects\index.html,86,html,fc02199c,Nicholas Chan,2026-04-10,09:59:20,-07:00,2026-04-10T09:59:20-07:00,6,48
projects\index.html,87,html,fc02199c,Nicholas Chan,2026-04-10,09:59:20,-07:00,2026-04-10T09:59:20-07:00,6,70
projects\index.html,88,html,fc02199c,Nicholas Chan,2026-04-10,09:59:20,-07:00,2026-04-10T09:59:20-07:00,6,246
projects\index.html,89,html,fc02199c,Nicholas Chan,2026-04-10,09:59:20,-07:00,2026-04-10T09:59:20-07:00,4,8
projects\index.html,90,html,fc02199c,Nicholas Chan,2026-04-10,09:59:20,-07:00,2026-04-10T09:59:20-07:00,4,7
projects\index.html,91,html,fc02199c,Nicholas Chan,2026-04-10,09:59:20,-07:00,2026-04-10T09:59:20-07:00,6,39
projects\index.html,92,html,fc02199c,Nicholas Chan,2026-04-10,09:59:20,-07:00,2026-04-10T09:59:20-07:00,6,70
projects\index.html,93,html,fc02199c,Nicholas Chan,2026-04-10,09:59:20,-07:00,2026-04-10T09:59:20-07:00,6,252
projects\index.html,94,html,fc02199c,Nicholas Chan,2026-04-10,09:59:20,-07:00,2026-04-10T09:59:20-07:00,4,8
projects\index.html,95,html,fc02199c,Nicholas Chan,2026-04-10,09:59:20,-07:00,2026-04-10T09:59:20-07:00,4,7
projects\index.html,96,html,fc02199c,Nicholas Chan,2026-04-10,09:59:20,-07:00,2026-04-10T09:59:20-07:00,6,45
projects\index.html,97,html,fc02199c,Nicholas Chan,2026-04-10,09:59:20,-07:00,2026-04-10T09:59:20-07:00,6,70
projects\index.html,98,html,fc02199c,Nicholas Chan,2026-04-10,09:59:20,-07:00,2026-04-10T09:59:20-07:00,6,228
projects\index.html,99,html,e529a02c,Nicholas Chan,2026-04-23,09:39:52,-07:00,2026-04-23T09:39:52-07:00,4,12
projects\index.html,100,html,e529a02c,Nicholas Chan,2026-04-23,09:39:52,-07:00,2026-04-23T09:39:52-07:00,2,4
projects\index.html,101,html,fc02199c,Nicholas Chan,2026-04-10,09:59:20,-07:00,2026-04-10T09:59:20-07:00,0,0
projects\index.html,102,html,a0ddf608,Nicholas Chan,2026-04-03,08:07:16,-07:00,2026-04-03T08:07:16-07:00,0,5
projects\index.html,103,html,6aaa42f3,Nicholas Chan,2026-04-10,09:16:35,-07:00,2026-04-10T09:16:35-07:00,0,0
projects\index.html,104,html,6aaa42f3,Nicholas Chan,2026-04-10,09:16:35,-07:00,2026-04-10T09:16:35-07:00,0,5
contacts\index.html,1,html,a0ddf608,Nicholas Chan,2026-04-03,08:07:16,-07:00,2026-04-03T08:07:16-07:00,0,13
contacts\index.html,2,html,a0ddf608,Nicholas Chan,2026-04-03,08:07:16,-07:00,2026-04-03T08:07:16-07:00,0,14
contacts\index.html,3,html,6aaa42f3,Nicholas Chan,2026-04-10,09:16:35,-07:00,2026-04-10T09:16:35-07:00,0,0
contacts\index.html,4,html,a0ddf608,Nicholas Chan,2026-04-03,08:07:16,-07:00,2026-04-03T08:07:16-07:00,0,4
contacts\index.html,5,html,6aaa42f3,Nicholas Chan,2026-04-10,09:16:35,-07:00,2026-04-10T09:16:35-07:00,1,20
contacts\index.html,6,html,6aaa42f3,Nicholas Chan,2026-04-10,09:16:35,-07:00,2026-04-10T09:16:35-07:00,1,68
contacts\index.html,7,html,6aaa42f3,Nicholas Chan,2026-04-10,09:16:35,-07:00,2026-04-10T09:16:35-07:00,1,20
contacts\index.html,8,html,6aaa42f3,Nicholas Chan,2026-04-10,09:16:35,-07:00,2026-04-10T09:16:35-07:00,1,41
contacts\index.html,9,html,03be229e,Nicholas Chan,2026-04-30,08:44:59,-07:00,2026-04-30T08:44:59-07:00,1,48
contacts\index.html,10,html,a0ddf608,Nicholas Chan,2026-04-03,08:07:16,-07:00,2026-04-03T08:07:16-07:00,0,5
contacts\index.html,11,html,6aaa42f3,Nicholas Chan,2026-04-10,09:16:35,-07:00,2026-04-10T09:16:35-07:00,0,0
contacts\index.html,12,html,a0ddf608,Nicholas Chan,2026-04-03,08:07:16,-07:00,2026-04-03T08:07:16-07:00,0,4
contacts\index.html,13,html,ed620c88,Nicholas Chan,2026-04-17,10:35:52,-07:00,2026-04-17T10:35:52-07:00,0,0
contacts\index.html,14,html,64d78434,Nicholas Chan,2026-04-17,08:54:35,-07:00,2026-04-17T08:54:35-07:00,1,8
contacts\index.html,15,html,6aaa42f3,Nicholas Chan,2026-04-10,09:16:35,-07:00,2026-04-10T09:16:35-07:00,4,2
contacts\index.html,16,html,719c6c92,Nicholas Chan,2026-04-10,09:49:50,-07:00,2026-04-10T09:49:50-07:00,6,47
contacts\index.html,17,html,6aaa42f3,Nicholas Chan,2026-04-10,09:16:35,-07:00,2026-04-10T09:16:35-07:00,6,60
contacts\index.html,18,html,64d78434,Nicholas Chan,2026-04-17,08:54:35,-07:00,2026-04-17T08:54:35-07:00,6,59
contacts\index.html,19,html,6aaa42f3,Nicholas Chan,2026-04-10,09:16:35,-07:00,2026-04-10T09:16:35-07:00,6,56
contacts\index.html,20,html,6aaa42f3,Nicholas Chan,2026-04-10,09:16:35,-07:00,2026-04-10T09:16:35-07:00,6,77
contacts\index.html,21,html,6aaa42f3,Nicholas Chan,2026-04-10,09:16:35,-07:00,2026-04-10T09:16:35-07:00,4,3
contacts\index.html,22,html,64d78434,Nicholas Chan,2026-04-17,08:54:35,-07:00,2026-04-17T08:54:35-07:00,2,8
contacts\index.html,23,html,6aaa42f3,Nicholas Chan,2026-04-10,09:16:35,-07:00,2026-04-10T09:16:35-07:00,0,0
contacts\index.html,24,html,719c6c92,Nicholas Chan,2026-04-10,09:49:50,-07:00,2026-04-10T09:49:50-07:00,1,17
contacts\index.html,25,html,6aaa42f3,Nicholas Chan,2026-04-10,09:16:35,-07:00,2026-04-10T09:16:35-07:00,0,0
contacts\index.html,26,html,719c6c92,Nicholas Chan,2026-04-10,09:49:50,-07:00,2026-04-10T09:49:50-07:00,1,75
contacts\index.html,27,html,a0ddf608,Nicholas Chan,2026-04-03,08:07:16,-07:00,2026-04-03T08:07:16-07:00,0,0
contacts\index.html,28,html,ffb34465,Nicholas Chan,2026-04-03,09:05:05,-07:00,2026-04-03T09:05:05-07:00,2,5
contacts\index.html,29,html,aa0c7dbd,Nicholas Chan,2026-04-03,09:13:38,-07:00,2026-04-03T09:13:38-07:00,3,9
contacts\index.html,30,html,9a22afb3,Nicholas Chan,2026-04-03,09:15:56,-07:00,2026-04-03T09:15:56-07:00,3,31
contacts\index.html,31,html,ffb34465,Nicholas Chan,2026-04-03,09:05:05,-07:00,2026-04-03T09:05:05-07:00,2,6
contacts\index.html,32,html,ffb34465,Nicholas Chan,2026-04-03,09:05:05,-07:00,2026-04-03T09:05:05-07:00,2,6
contacts\index.html,33,html,e1c4f6ab,Nicholas Chan,2026-04-03,08:59:18,-07:00,2026-04-03T08:59:18-07:00,0,0
contacts\index.html,34,html,ffb34465,Nicholas Chan,2026-04-03,09:05:05,-07:00,2026-04-03T09:05:05-07:00,2,5
contacts\index.html,35,html,aa0c7dbd,Nicholas Chan,2026-04-03,09:13:38,-07:00,2026-04-03T09:13:38-07:00,3,6
contacts\index.html,36,html,9a22afb3,Nicholas Chan,2026-04-03,09:15:56,-07:00,2026-04-03T09:15:56-07:00,3,20
contacts\index.html,37,html,ffb34465,Nicholas Chan,2026-04-03,09:05:05,-07:00,2026-04-03T09:05:05-07:00,2,6
contacts\index.html,38,html,ffb34465,Nicholas Chan,2026-04-03,09:05:05,-07:00,2026-04-03T09:05:05-07:00,2,6
contacts\index.html,39,html,e1c4f6ab,Nicholas Chan,2026-04-03,08:59:18,-07:00,2026-04-03T08:59:18-07:00,0,0
contacts\index.html,40,html,ffb34465,Nicholas Chan,2026-04-03,09:05:05,-07:00,2026-04-03T09:05:05-07:00,2,5
contacts\index.html,41,html,aa0c7dbd,Nicholas Chan,2026-04-03,09:13:38,-07:00,2026-04-03T09:13:38-07:00,3,6
contacts\index.html,42,html,9a22afb3,Nicholas Chan,2026-04-03,09:15:56,-07:00,2026-04-03T09:15:56-07:00,3,31
contacts\index.html,43,html,ffb34465,Nicholas Chan,2026-04-03,09:05:05,-07:00,2026-04-03T09:05:05-07:00,2,6
contacts\index.html,44,html,ffb34465,Nicholas Chan,2026-04-03,09:05:05,-07:00,2026-04-03T09:05:05-07:00,2,6
contacts\index.html,45,html,e1c4f6ab,Nicholas Chan,2026-04-03,08:59:18,-07:00,2026-04-03T08:59:18-07:00,0,0
contacts\index.html,46,html,ffb34465,Nicholas Chan,2026-04-03,09:05:05,-07:00,2026-04-03T09:05:05-07:00,2,19
contacts\index.html,47,html,6aaa42f3,Nicholas Chan,2026-04-10,09:16:35,-07:00,2026-04-10T09:16:35-07:00,1,5
contacts\index.html,48,html,151b6dba,Nicholas Chan,2026-04-03,08:41:05,-07:00,2026-04-03T08:41:05-07:00,0,0
contacts\index.html,49,html,a0ddf608,Nicholas Chan,2026-04-03,08:07:16,-07:00,2026-04-03T08:07:16-07:00,0,5
contacts\index.html,50,html,6aaa42f3,Nicholas Chan,2026-04-10,09:16:35,-07:00,2026-04-10T09:16:35-07:00,0,0
contacts\index.html,51,html,a0ddf608,Nicholas Chan,2026-04-03,08:07:16,-07:00,2026-04-03T08:07:16-07:00,0,5
